cm/ms2,1.00E+00,1.00E+06,4.25E+11,1.18E+08,3.28E-02,3.28E-14,3.28E+04,3.28E-08,1.02E+03,1.00E+06,3.94E-01,3.94E-13,3.94E+05,3.94E-07,1.30E+08,3.60E+04,1.00E-05,1.00E-17,1.00E+01,1.00E-11,4.72E+08,3.65E+01,1.30E+11,3.60E+07,1.00E-02,1.00E-14,1.00E+04,1.00E-08,8.05E+07,2.24E+04,6.21E-06,6.21E-18,6.21E+00,6.21E-12,1.00E+01,1.00E-11,1.00E+07,1.00E-05,1.00E+07,1.00E-05,1.00E+13,1.00E+01,1.00E+04,1.00E-08,1.00E+10,1.00E-02,3.94E+07,1.09E-02,1.09E-14,1.09E+04,1.09E-08
cm/s2,1.00E-06,1.00E+00,4.25E+05,1.18E+02,3.28E-08,3.28E-20,3.28E-02,3.28E-14,1.02E-03,1.00E+00,3.94E-07,3.94E-19,3.94E-01,3.94E-13,1.30E+02,3.60E-02,1.00E-11,1.00E-23,1.00E-05,1.00E-17,4.72E+02,3.65E-05,1.30E+05,3.60E+01,1.00E-08,1.00E-20,1.00E-02,1.00E-14,8.05E+01,2.24E-02,6.21E-12,6.21E-24,6.21E-06,6.21E-18,1.00E-05,1.00E-17,1.00E+01,1.00E-11,1.00E+01,1.00E-11,1.00E+07,1.00E-05,1.00E-02,1.00E-14,1.00E+04,1.00E-08,3.94E+01,1.09E-08,1.09E-20,1.09E-02,1.09E-14
ft/h2,2.35E-12,2.35E-06,1.00E+00,2.78E-04,7.72E-14,7.72E-26,7.72E-08,7.72E-20,2.40E-09,2.35E-06,9.26E-13,9.26E-25,9.26E-07,9.26E-19,3.05E-04,8.47E-08,2.35E-17,2.35E-29,2.35E-11,2.35E-23,1.11E-03,8.57E-11,3.05E-01,8.47E-05,2.35E-14,2.35E-26,2.35E-08,2.35E-20,1.89E-04,5.26E-08,1.46E-17,1.46E-29,1.46E-11,1.46E-23,2.35E-11,2.35E-23,2.35E-05,2.35E-17,2.35E-05,2.35E-17,2.35E+01,2.35E-11,2.35E-08,2.35E-20,2.35E-02,2.35E-14,9.26E-05,2.57E-14,2.57E-26,2.57E-08,2.57E-20
ft/min2,8.47E-09,8.47E-03,3.60E+03,1.00E+00,2.78E-10,2.78E-22,2.78E-04,2.78E-16,8.63E-06,8.47E-03,3.33E-09,3.33E-21,3.33E-03,3.33E-15,1.10E+00,3.05E-04,8.47E-14,8.47E-26,8.47E-08,8.47E-20,4.00E+00,3.09E-07,1.10E+03,3.05E-01,8.47E-11,8.47E-23,8.47E-05,8.47E-17,6.82E-01,1.89E-04,5.26E-14,5.26E-26,5.26E-08,5.26E-20,8.47E-08,8.47E-20,8.47E-02,8.47E-14,8.47E-02,8.47E-14,8.47E+04,8.47E-08,8.47E-05,8.47E-17,8.47E+01,8.47E-11,3.33E-01,9.26E-11,9.26E-23,9.26E-05,9.26E-17
ft/ms2,3.05E+01,3.05E+07,1.30E+13,3.60E+09,1.00E+00,1.00E-12,1.00E+06,1.00E-06,3.11E+04,3.05E+07,1.20E+01,1.20E-11,1.20E+07,1.20E-05,3.95E+09,1.10E+06,3.05E-04,3.05E-16,3.05E+02,3.05E-10,1.44E+10,1.11E+03,3.95E+12,1.10E+09,3.05E-01,3.05E-13,3.05E+05,3.05E-07,2.45E+09,6.82E+05,1.89E-04,1.89E-16,1.89E+02,1.89E-10,3.05E+02,3.05E-10,3.05E+08,3.05E-04,3.05E+08,3.05E-04,3.05E+14,3.05E+02,3.05E+05,3.05E-07,3.05E+11,3.05E-01,1.20E+09,3.33E-01,3.33E-13,3.33E+05,3.33E-07
ft/ns2,3.05E+13,3.05E+19,1.30E+25,3.60E+21,1.00E+12,1.00E+00,1.00E+18,1.00E+06,3.11E+16,3.05E+19,1.20E+13,1.20E+01,1.20E+19,1.20E+07,3.95E+21,1.10E+18,3.05E+08,3.05E-04,3.05E+14,3.05E+02,1.44E+22,1.11E+15,3.95E+24,1.10E+21,3.05E+11,3.05E-01,3.05E+17,3.05E+05,2.45E+21,6.82E+17,1.89E+08,1.89E-04,1.89E+14,1.89E+02,3.05E+14,3.05E+02,3.05E+20,3.05E+08,3.05E+20,3.05E+08,3.05E+26,3.05E+14,3.05E+17,3.05E+05,3.05E+23,3.05E+11,1.20E+21,3.33E+11,3.33E-01,3.33E+17,3.33E+05
ft/s2,3.05E-05,3.05E+01,1.30E+07,3.60E+03,1.00E-06,1.00E-18,1.00E+00,1.00E-12,3.11E-02,3.05E+01,1.20E-05,1.20E-17,1.20E+01,1.20E-11,3.95E+03,1.10E+00,3.05E-10,3.05E-22,3.05E-04,3.05E-16,1.44E+04,1.11E-03,3.95E+06,1.10E+03,3.05E-07,3.05E-19,3.05E-01,3.05E-13,2.45E+03,6.82E-01,1.89E-10,1.89E-22,1.89E-04,1.89E-16,3.05E-04,3.05E-16,3.05E+02,3.05E-10,3.05E+02,3.05E-10,3.05E+08,3.05E-04,3.05E-01,3.05E-13,3.05E+05,3.05E-07,1.20E+03,3.33E-07,3.33E-19,3.33E-01,3.33E-13
ft/us2,3.05E+07,3.05E+13,1.30E+19,3.60E+15,1.00E+06,1.00E-06,1.00E+12,1.00E+00,3.11E+10,3.05E+13,1.20E+07,1.20E-05,1.20E+13,1.20E+01,3.95E+15,1.10E+12,3.05E+02,3.05E-10,3.05E+08,3.05E-04,1.44E+16,1.11E+09,3.95E+18,1.10E+15,3.05E+05,3.05E-07,3.05E+11,3.05E-01,2.45E+15,6.82E+11,1.89E+02,1.89E-10,1.89E+08,1.89E-04,3.05E+08,3.05E-04,3.05E+14,3.05E+02,3.05E+14,3.05E+02,3.05E+20,3.05E+08,3.05E+11,3.05E-01,3.05E+17,3.05E+05,1.20E+15,3.33E+05,3.33E-07,3.33E+11,3.33E-01
g,9.81E-04,9.81E+02,4.17E+08,1.16E+05,3.22E-05,3.22E-17,3.22E+01,3.22E-11,1.00E+00,9.81E+02,3.86E-04,3.86E-16,3.86E+02,3.86E-10,1.27E+05,3.53E+01,9.81E-09,9.81E-21,9.81E-03,9.81E-15,4.63E+05,3.57E-02,1.27E+08,3.53E+04,9.81E-06,9.81E-18,9.81E+00,9.81E-12,7.90E+04,2.19E+01,6.09E-09,6.09E-21,6.09E-03,6.09E-15,9.81E-03,9.81E-15,9.81E+03,9.81E-09,9.81E+03,9.81E-09,9.81E+09,9.81E-03,9.81E+00,9.81E-12,9.81E+06,9.81E-06,3.86E+04,1.07E-05,1.07E-17,1.07E+01,1.07E-11
gal,1.00E-06,1.00E+00,4.25E+05,1.18E+02,3.28E-08,3.28E-20,3.28E-02,3.28E-14,1.02E-03,1.00E+00,3.94E-07,3.94E-19,3.94E-01,3.94E-13,1.30E+02,3.60E-02,1.00E-11,1.00E-23,1.00E-05,1.00E-17,4.72E+02,3.65E-05,1.30E+05,3.60E+01,1.00E-08,1.00E-20,1.00E-02,1.00E-14,8.05E+01,2.24E-02,6.21E-12,6.21E-24,6.21E-06,6.21E-18,1.00E-05,1.00E-17,1.00E+01,1.00E-11,1.00E+01,1.00E-11,1.00E+07,1.00E-05,1.00E-02,1.00E-14,1.00E+04,1.00E-08,3.94E+01,1.09E-08,1.09E-20,1.09E-02,1.09E-14
in/ms2,2.54E+00,2.54E+06,1.08E+12,3.00E+08,8.33E-02,8.33E-14,8.33E+04,8.33E-08,2.59E+03,2.54E+06,1.00E+00,1.00E-12,1.00E+06,1.00E-06,3.29E+08,9.14E+04,2.54E-05,2.54E-17,2.54E+01,2.54E-11,1.20E+09,9.26E+01,3.29E+11,9.14E+07,2.54E-02,2.54E-14,2.54E+04,2.54E-08,2.05E+08,5.68E+04,1.58E-05,1.58E-17,1.58E+01,1.58E-11,2.54E+01,2.54E-11,2.54E+07,2.54E-05,2.54E+07,2.54E-05,2.54E+13,2.54E+01,2.54E+04,2.54E-08,2.54E+10,2.54E-02,1.00E+08,2.78E-02,2.78E-14,2.78E+04,2.78E-08
in/ns2,2.54E+12,2.54E+18,1.08E+24,3.00E+20,8.33E+10,8.33E-02,8.33E+16,8.33E+04,2.59E+15,2.54E+18,1.00E+12,1.00E+00,1.00E+18,1.00E+06,3.29E+20,9.14E+16,2.54E+07,2.54E-05,2.54E+13,2.54E+01,1.20E+21,9.26E+13,3.29E+23,9.14E+19,2.54E+10,2.54E-02,2.54E+16,2.54E+04,2.05E+20,5.68E+16,1.58E+07,1.58E-05,1.58E+13,1.58E+01,2.54E+13,2.54E+01,2.54E+19,2.54E+07,2.54E+19,2.54E+07,2.54E+25,2.54E+13,2.54E+16,2.54E+04,2.54E+22,2.54E+10,1.00E+20,2.78E+10,2.78E-02,2.78E+16,2.78E+04
in/s2,2.54E-06,2.54E+00,1.08E+06,3.00E+02,8.33E-08,8.33E-20,8.33E-02,8.33E-14,2.59E-03,2.54E+00,1.00E-06,1.00E-18,1.00E+00,1.00E-12,3.29E+02,9.14E-02,2.54E-11,2.54E-23,2.54E-05,2.54E-17,1.20E+03,9.26E-05,3.29E+05,9.14E+01,2.54E-08,2.54E-20,2.54E-02,2.54E-14,2.05E+02,5.68E-02,1.58E-11,1.58E-23,1.58E-05,1.58E-17,2.54E-05,2.54E-17,2.54E+01,2.54E-11,2.54E+01,2.54E-11,2.54E+07,2.54E-05,2.54E-02,2.54E-14,2.54E+04,2.54E-08,1.00E+02,2.78E-08,2.78E-20,2.78E-02,2.78E-14
in/us2,2.54E+06,2.54E+12,1.08E+18,3.00E+14,8.33E+04,8.33E-08,8.33E+10,8.33E-02,2.59E+09,2.54E+12,1.00E+06,1.00E-06,1.00E+12,1.00E+00,3.29E+14,9.14E+10,2.54E+01,2.54E-11,2.54E+07,2.54E-05,1.20E+15,9.26E+07,3.29E+17,9.14E+13,2.54E+04,2.54E-08,2.54E+10,2.54E-02,2.05E+14,5.68E+10,1.58E+01,1.58E-11,1.58E+07,1.58E-05,2.54E+07,2.54E-05,2.54E+13,2.54E+01,2.54E+13,2.54E+01,2.54E+19,2.54E+07,2.54E+10,2.54E-02,2.54E+16,2.54E+04,1.00E+14,2.78E+04,2.78E-08,2.78E+10,2.78E-02
km/h2,7.72E-09,7.72E-03,3.28E+03,9.11E-01,2.53E-10,2.53E-22,2.53E-04,2.53E-16,7.87E-06,7.72E-03,3.04E-09,3.04E-21,3.04E-03,3.04E-15,1.00E+00,2.78E-04,7.72E-14,7.72E-26,7.72E-08,7.72E-20,3.65E+00,2.81E-07,1.00E+03,2.78E-01,7.72E-11,7.72E-23,7.72E-05,7.72E-17,6.21E-01,1.73E-04,4.79E-14,4.79E-26,4.79E-08,4.79E-20,7.72E-08,7.72E-20,7.72E-02,7.72E-14,7.72E-02,7.72E-14,7.72E+04,7.72E-08,7.72E-05,7.72E-17,7.72E+01,7.72E-11,3.04E-01,8.44E-11,8.44E-23,8.44E-05,8.44E-17
km/min2,2.78E-05,2.78E+01,1.18E+07,3.28E+03,9.11E-07,9.11E-19,9.11E-01,9.11E-13,2.83E-02,2.78E+01,1.09E-05,1.09E-17,1.09E+01,1.09E-11,3.60E+03,1.00E+00,2.78E-10,2.78E-22,2.78E-04,2.78E-16,1.31E+04,1.01E-03,3.60E+06,1.00E+03,2.78E-07,2.78E-19,2.78E-01,2.78E-13,2.24E+03,6.21E-01,1.73E-10,1.73E-22,1.73E-04,1.73E-16,2.78E-04,2.78E-16,2.78E+02,2.78E-10,2.78E+02,2.78E-10,2.78E+08,2.78E-04,2.78E-01,2.78E-13,2.78E+05,2.78E-07,1.09E+03,3.04E-07,3.04E-19,3.04E-01,3.04E-13
km/ms2,1.00E+05,1.00E+11,4.25E+16,1.18E+13,3.28E+03,3.28E-09,3.28E+09,3.28E-03,1.02E+08,1.00E+11,3.94E+04,3.94E-08,3.94E+10,3.94E-02,1.30E+13,3.60E+09,1.00E+00,1.00E-12,1.00E+06,1.00E-06,4.72E+13,3.65E+06,1.30E+16,3.60E+12,1.00E+03,1.00E-09,1.00E+09,1.00E-03,8.05E+12,2.24E+09,6.21E-01,6.21E-13,6.21E+05,6.21E-07,1.00E+06,1.00E-06,1.00E+12,1.00E+00,1.00E+12,1.00E+00,1.00E+18,1.00E+06,1.00E+09,1.00E-03,1.00E+15,1.00E+03,3.94E+12,1.09E+03,1.09E-09,1.09E+09,1.09E-03
km/ns2,1.00E+17,1.00E+23,4.25E+28,1.18E+25,3.28E+15,3.28E+03,3.28E+21,3.28E+09,1.02E+20,1.00E+23,3.94E+16,3.94E+04,3.94E+22,3.94E+10,1.30E+25,3.60E+21,1.00E+12,1.00E+00,1.00E+18,1.00E+06,4.72E+25,3.65E+18,1.30E+28,3.60E+24,1.00E+15,1.00E+03,1.00E+21,1.00E+09,8.05E+24,2.24E+21,6.21E+11,6.21E-01,6.21E+17,6.21E+05,1.00E+18,1.00E+06,1.00E+24,1.00E+12,1.00E+24,1.00E+12,1.00E+30,1.00E+18,1.00E+21,1.00E+09,1.00E+27,1.00E+15,3.94E+24,1.09E+15,1.09E+03,1.09E+21,1.09E+09
km/s2,1.00E-01,1.00E+05,4.25E+10,1.18E+07,3.28E-03,3.28E-15,3.28E+03,3.28E-09,1.02E+02,1.00E+05,3.94E-02,3.94E-14,3.94E+04,3.94E-08,1.30E+07,3.60E+03,1.00E-06,1.00E-18,1.00E+00,1.00E-12,4.72E+07,3.65E+00,1.30E+10,3.60E+06,1.00E-03,1.00E-15,1.00E+03,1.00E-09,8.05E+06,2.24E+03,6.21E-07,6.21E-19,6.21E-01,6.21E-13,1.00E+00,1.00E-12,1.00E+06,1.00E-06,1.00E+06,1.00E-06,1.00E+12,1.00E+00,1.00E+03,1.00E-09,1.00E+09,1.00E-03,3.94E+06,1.09E-03,1.09E-15,1.09E+03,1.09E-09
km/us2,1.00E+11,1.00E+17,4.25E+22,1.18E+19,3.28E+09,3.28E-03,3.28E+15,3.28E+03,1.02E+14,1.00E+17,3.94E+10,3.94E-02,3.94E+16,3.94E+04,1.30E+19,3.60E+15,1.00E+06,1.00E-06,1.00E+12,1.00E+00,4.72E+19,3.65E+12,1.30E+22,3.60E+18,1.00E+09,1.00E-03,1.00E+15,1.00E+03,8.05E+18,2.24E+15,6.21E+05,6.21E-07,6.21E+11,6.21E-01,1.00E+12,1.00E+00,1.00E+18,1.00E+06,1.00E+18,1.00E+06,1.00E+24,1.00E+12,1.00E+15,1.00E+03,1.00E+21,1.00E+09,3.94E+18,1.09E+09,1.09E-03,1.09E+15,1.09E+03
lea/h2,2.12E-09,2.12E-03,9.00E+02,2.50E-01,6.94E-11,6.94E-23,6.94E-05,6.94E-17,2.16E-06,2.12E-03,8.33E-10,8.33E-22,8.33E-04,8.33E-16,2.74E-01,7.62E-05,2.12E-14,2.12E-26,2.12E-08,2.12E-20,1.00E+00,7.72E-08,2.74E+02,7.62E-02,2.12E-11,2.12E-23,2.12E-05,2.12E-17,1.70E-01,4.73E-05,1.32E-14,1.32E-26,1.32E-08,1.32E-20,2.12E-08,2.12E-20,2.12E-02,2.12E-14,2.12E-02,2.12E-14,2.12E+04,2.12E-08,2.12E-05,2.12E-17,2.12E+01,2.12E-11,8.33E-02,2.31E-11,2.31E-23,2.31E-05,2.31E-17
lea/s2,2.74E-02,2.74E+04,1.17E+10,3.24E+06,9.00E-04,9.00E-16,9.00E+02,9.00E-10,2.80E+01,2.74E+04,1.08E-02,1.08E-14,1.08E+04,1.08E-08,3.56E+06,9.88E+02,2.74E-07,2.74E-19,2.74E-01,2.74E-13,1.30E+07,1.00E+00,3.56E+09,9.88E+05,2.74E-04,2.74E-16,2.74E+02,2.74E-10,2.21E+06,6.14E+02,1.70E-07,1.70E-19,1.70E-01,1.70E-13,2.74E-01,2.74E-13,2.74E+05,2.74E-07,2.74E+05,2.74E-07,2.74E+11,2.74E-01,2.74E+02,2.74E-10,2.74E+08,2.74E-04,1.08E+06,3.00E-04,3.00E-16,3.00E+02,3.00E-10
m/h2,7.72E-12,7.72E-06,3.28E+00,9.11E-04,2.53E-13,2.53E-25,2.53E-07,2.53E-19,7.87E-09,7.72E-06,3.04E-12,3.04E-24,3.04E-06,3.04E-18,1.00E-03,2.78E-07,7.72E-17,7.72E-29,7.72E-11,7.72E-23,3.65E-03,2.81E-10,1.00E+00,2.78E-04,7.72E-14,7.72E-26,7.72E-08,7.72E-20,6.21E-04,1.73E-07,4.79E-17,4.79E-29,4.79E-11,4.79E-23,7.72E-11,7.72E-23,7.72E-05,7.72E-17,7.72E-05,7.72E-17,7.72E+01,7.72E-11,7.72E-08,7.72E-20,7.72E-02,7.72E-14,3.04E-04,8.44E-14,8.44E-26,8.44E-08,8.44E-20
m/min2,2.78E-08,2.78E-02,1.18E+04,3.28E+00,9.11E-10,9.11E-22,9.11E-04,9.11E-16,2.83E-05,2.78E-02,1.09E-08,1.09E-20,1.09E-02,1.09E-14,3.60E+00,1.00E-03,2.78E-13,2.78E-25,2.78E-07,2.78E-19,1.31E+01,1.01E-06,3.60E+03,1.00E+00,2.78E-10,2.78E-22,2.78E-04,2.78E-16,2.24E+00,6.21E-04,1.73E-13,1.73E-25,1.73E-07,1.73E-19,2.78E-07,2.78E-19,2.78E-01,2.78E-13,2.78E-01,2.78E-13,2.78E+05,2.78E-07,2.78E-04,2.78E-16,2.78E+02,2.78E-10,1.09E+00,3.04E-10,3.04E-22,3.04E-04,3.04E-16
m/ms2,1.00E+02,1.00E+08,4.25E+13,1.18E+10,3.28E+00,3.28E-12,3.28E+06,3.28E-06,1.02E+05,1.00E+08,3.94E+01,3.94E-11,3.94E+07,3.94E-05,1.30E+10,3.60E+06,1.00E-03,1.00E-15,1.00E+03,1.00E-09,4.72E+10,3.65E+03,1.30E+13,3.60E+09,1.00E+00,1.00E-12,1.00E+06,1.00E-06,8.05E+09,2.24E+06,6.21E-04,6.21E-16,6.21E+02,6.21E-10,1.00E+03,1.00E-09,1.00E+09,1.00E-03,1.00E+09,1.00E-03,1.00E+15,1.00E+03,1.00E+06,1.00E-06,1.00E+12,1.00E+00,3.94E+09,1.09E+00,1.09E-12,1.09E+06,1.09E-06
m/ns2,1.00E+14,1.00E+20,4.25E+25,1.18E+22,3.28E+12,3.28E+00,3.28E+18,3.28E+06,1.02E+17,1.00E+20,3.94E+13,3.94E+01,3.94E+19,3.94E+07,1.30E+22,3.60E+18,1.00E+09,1.00E-03,1.00E+15,1.00E+03,4.72E+22,3.65E+15,1.30E+25,3.60E+21,1.00E+12,1.00E+00,1.00E+18,1.00E+06,8.05E+21,2.24E+18,6.21E+08,6.21E-04,6.21E+14,6.21E+02,1.00E+15,1.00E+03,1.00E+21,1.00E+09,1.00E+21,1.00E+09,1.00E+27,1.00E+15,1.00E+18,1.00E+06,1.00E+24,1.00E+12,3.94E+21,1.09E+12,1.09E+00,1.09E+18,1.09E+06
m/s2,1.00E-04,1.00E+02,4.25E+07,1.18E+04,3.28E-06,3.28E-18,3.28E+00,3.28E-12,1.02E-01,1.00E+02,3.94E-05,3.94E-17,3.94E+01,3.94E-11,1.30E+04,3.60E+00,1.00E-09,1.00E-21,1.00E-03,1.00E-15,4.72E+04,3.65E-03,1.30E+07,3.60E+03,1.00E-06,1E-18,1.00E+00,1.00E-12,8.05E+03,2.24E+00,6.21E-10,6.21E-22,6.21E-04,6.21E-16,1.00E-03,1.00E-15,1.00E+03,1.00E-09,1.00E+03,1.00E-09,1.00E+09,1.00E-03,1.00E+00,1.00E-12,1.00E+06,1.00E-06,3.94E+03,1.09E-06,1.09E-18,1.09E+00,1.09E-12
m/us2,1.00E+08,1.00E+14,4.25E+19,1.18E+16,3.28E+06,3.28E-06,3.28E+12,3.28E+00,1.02E+11,1.00E+14,3.94E+07,3.94E-05,3.94E+13,3.94E+01,1.30E+16,3.60E+12,1.00E+03,1.00E-09,1.00E+09,1.00E-03,4.72E+16,3.65E+09,1.30E+19,3.60E+15,1.00E+06,1E-06,1000000000000,1.00E+00,8.05E+15,2.24E+12,6.21E+02,6.21E-10,6.21E+08,6.21E-04,1.00E+09,1.00E-03,1.00E+15,1.00E+03,1.00E+15,1.00E+03,1.00E+21,1.00E+09,1.00E+12,1.00E+00,1.00E+18,1.00E+06,3.94E+15,1.09E+06,1.09E-06,1.09E+12,1.09E+00
mi/h2,1.24E-08,1.24E-02,5.28E+03,1.47E+00,4.07E-10,4.07E-22,4.07E-04,4.07E-16,1.27E-05,1.24E-02,4.89E-09,4.89E-21,4.89E-03,4.89E-15,1.61E+00,4.47E-04,1.24E-13,1.24E-25,1.24E-07,1.24E-19,5.87E+00,4.53E-07,1.61E+03,4.47E-01,1.24E-10,1.24177777028296E-22,0.000124177777028,1.24177777028296E-16,1.00E+00,2.78E-04,7.72E-14,7.72E-26,7.72E-08,7.72E-20,1.24E-07,1.24E-19,1.24E-01,1.24E-13,1.24E-01,1.24E-13,1.24E+05,1.24E-07,1.24E-04,1.24E-16,1.24E+02,1.24E-10,4.89E-01,1.36E-10,1.36E-22,1.36E-04,1.36E-16
mi/min2,4.47E-05,4.47E+01,1.90E+07,5.28E+03,1.47E-06,1.47E-18,1.47E+00,1.47E-12,4.56E-02,4.47E+01,1.76E-05,1.76E-17,1.76E+01,1.76E-11,5.79E+03,1.61E+00,4.47E-10,4.47E-22,4.47E-04,4.47E-16,2.11E+04,1.63E-03,5.79E+06,1.61E+03,4.47E-07,4.47039998412114E-19,0.447039998412114,4.47039998412114E-13,3.60E+03,1.00E+00,2.78E-10,2.78E-22,2.78E-04,2.78E-16,4.47E-04,4.47E-16,4.47E+02,4.47E-10,4.47E+02,4.47E-10,4.47E+08,4.47E-04,4.47E-01,4.47E-13,4.47E+05,4.47E-07,1.76E+03,4.89E-07,4.89E-19,4.89E-01,4.89E-13
mi/ms2,1.61E+05,1.61E+11,6.84E+16,1.90E+13,5.28E+03,5.28E-09,5.28E+09,5.28E-03,1.64E+08,1.61E+11,6.34E+04,6.34E-08,6.34E+10,6.34E-02,2.09E+13,5.79E+09,1.61E+00,1.61E-12,1.61E+06,1.61E-06,7.60E+13,5.87E+06,2.09E+16,5.79E+12,1.61E+03,1.61E-09,1.61E+09,1.61E-03,1.30E+13,3.60E+09,1.00E+00,1.00E-12,1.00E+06,1.00E-06,1.61E+06,1.61E-06,1.61E+12,1.61E+00,1.61E+12,1.61E+00,1.61E+18,1.61E+06,1.61E+09,1.61E-03,1.61E+15,1.61E+03,6.34E+12,1.76E+03,1.76E-09,1.76E+09,1.76E-03
mi/ns2,1.61E+17,1.61E+23,6.84E+28,1.90E+25,5.28E+15,5.28E+03,5.28E+21,5.28E+09,1.64E+20,1.61E+23,6.34E+16,6.34E+04,6.34E+22,6.34E+10,2.09E+25,5.79E+21,1.61E+12,1.61E+00,1.61E+18,1.61E+06,7.60E+25,5.87E+18,2.09E+28,5.79E+24,1.61E+15,1.61E+03,1.61E+21,1.61E+09,1.30E+25,3.60E+21,1.00E+12,1.00E+00,1.00E+18,1.00E+06,1.61E+18,1.61E+06,1.61E+24,1.61E+12,1.61E+24,1.61E+12,1.61E+30,1.61E+18,1.61E+21,1.61E+09,1.61E+27,1.61E+15,6.34E+24,1.76E+15,1.76E+03,1.76E+21,1.76E+09
mi/s2,1.61E-01,1.61E+05,6.84E+10,1.90E+07,5.28E-03,5.28E-15,5.28E+03,5.28E-09,1.64E+02,1.61E+05,6.34E-02,6.34E-14,6.34E+04,6.34E-08,2.09E+07,5.79E+03,1.61E-06,1.61E-18,1.61E+00,1.61E-12,7.60E+07,5.87E+00,2.09E+10,5.79E+06,1.61E-03,1.61E-15,1.61E+03,1.61E-09,1.30E+07,3.60E+03,1.00E-06,1.00E-18,1.00E+00,1.00E-12,1.61E+00,1.61E-12,1.61E+06,1.61E-06,1.61E+06,1.61E-06,1.61E+12,1.61E+00,1.61E+03,1.61E-09,1.61E+09,1.61E-03,6.34E+06,1.76E-03,1.76E-15,1.76E+03,1.76E-09
mi/us2,1.61E+11,1.61E+17,6.84E+22,1.90E+19,5.28E+09,5.28E-03,5.28E+15,5.28E+03,1.64E+14,1.61E+17,6.34E+10,6.34E-02,6.34E+16,6.34E+04,2.09E+19,5.79E+15,1.61E+06,1.61E-06,1.61E+12,1.61E+00,7.60E+19,5.87E+12,2.09E+22,5.79E+18,1.61E+09,1.61E-03,1.61E+15,1.61E+03,1.30E+19,3.60E+15,1.00E+06,1.00E-06,1.00E+12,1.00E+00,1.61E+12,1.61E+00,1.61E+18,1.61E+06,1.61E+18,1.61E+06,1.61E+24,1.61E+12,1.61E+15,1.61E+03,1.61E+21,1.61E+09,6.34E+18,1.76E+09,1.76E-03,1.76E+15,1.76E+03
mm/ms2,1.00E-01,1.00E+05,4.25E+10,1.18E+07,3.28E-03,3.28E-15,3.28E+03,3.28E-09,1.02E+02,1.00E+05,3.94E-02,3.94E-14,3.94E+04,3.94E-08,1.30E+07,3.60E+03,1.00E-06,1.00E-18,1.00E+00,1.00E-12,4.72E+07,3.65E+00,1.30E+10,3.60E+06,1.00E-03,1.00E-15,1.00E+03,1.00E-09,8.05E+06,2.24E+03,6.21E-07,6.21E-19,6.21E-01,6.21E-13,1.00E+00,1.00E-12,1.00E+06,1.00E-06,1.00E+06,1.00E-06,1.00E+12,1.00E+00,1.00E+03,1.00E-09,1.00E+09,1.00E-03,3.94E+06,1.09E-03,1.09E-15,1.09E+03,1.09E-09
mm/ns2,1.00E+11,1.00E+17,4.25E+22,1.18E+19,3.28E+09,3.28E-03,3.28E+15,3.28E+03,1.02E+14,1.00E+17,3.94E+10,3.94E-02,3.94E+16,3.94E+04,1.30E+19,3.60E+15,1.00E+06,1.00E-06,1.00E+12,1.00E+00,4.72E+19,3.65E+12,1.30E+22,3.60E+18,1.00E+09,1.00E-03,1.00E+15,1.00E+03,8.05E+18,2.24E+15,6.21E+05,6.21E-07,6.21E+11,6.21E-01,1.00E+12,1.00E+00,1.00E+18,1.00E+06,1.00E+18,1.00E+06,1.00E+24,1.00E+12,1.00E+15,1.00E+03,1.00E+21,1.00E+09,3.94E+18,1.09E+09,1.09E-03,1.09E+15,1.09E+03
mm/s2,1.00E-07,1.00E-01,4.25E+04,1.18E+01,3.28E-09,3.28E-21,3.28E-03,3.28E-15,1.02E-04,1.00E-01,3.94E-08,3.94E-20,3.94E-02,3.94E-14,1.30E+01,3.60E-03,1.00E-12,1.00E-24,1.00E-06,1.00E-18,4.72E+01,3.65E-06,1.30E+04,3.60E+00,1.00E-09,1.00E-21,1.00E-03,1.00E-15,8.05E+00,2.24E-03,6.21E-13,6.21E-25,6.21E-07,6.21E-19,1.00E-06,1.00E-18,1.00E+00,1.00E-12,1.00E+00,1.00E-12,1.00E+06,1.00E-06,1.00E-03,1.00E-15,1.00E+03,1.00E-09,3.94E+00,1.09E-09,1.09E-21,1.09E-03,1.09E-15
mm/us2,1.00E+05,1.00E+11,4.25E+16,1.18E+13,3.28E+03,3.28E-09,3.28E+09,3.28E-03,1.02E+08,1.00E+11,3.94E+04,3.94E-08,3.94E+10,3.94E-02,1.30E+13,3.60E+09,1.00E+00,1.00E-12,1.00E+06,1.00E-06,4.72E+13,3.65E+06,1.30E+16,3.60E+12,1.00E+03,1.00E-09,1.00E+09,1.00E-03,8.05E+12,2.24E+09,6.21E-01,6.21E-13,6.21E+05,6.21E-07,1.00E+06,1.00E-06,1.00E+12,1.00E+00,1.00E+12,1.00E+00,1.00E+18,1.00E+06,1.00E+09,1.00E-03,1.00E+15,1.00E+03,3.94E+12,1.09E+03,1.09E-09,1.09E+09,1.09E-03
nm/ms2,1.00E-07,1.00E-01,4.25E+04,1.18E+01,3.28E-09,3.28E-21,3.28E-03,3.28E-15,1.02E-04,1.00E-01,3.94E-08,3.94E-20,3.94E-02,3.94E-14,1.30E+01,3.60E-03,1.00E-12,1.00E-24,1.00E-06,1.00E-18,4.72E+01,3.65E-06,1.30E+04,3.60E+00,1.00E-09,1.00E-21,1.00E-03,1.00E-15,8.05E+00,2.24E-03,6.21E-13,6.21E-25,6.21E-07,6.21E-19,1.00E-06,1.00E-18,1.00E+00,1.00E-12,1.00E+00,1.00E-12,1.00E+06,1.00E-06,1.00E-03,1.00E-15,1.00E+03,1.00E-09,3.94E+00,1.09E-09,1.09E-21,1.09E-03,1.09E-15
nm/ns2,1.00E+05,1.00E+11,4.25E+16,1.18E+13,3.28E+03,3.28E-09,3.28E+09,3.28E-03,1.02E+08,1.00E+11,3.94E+04,3.94E-08,3.94E+10,3.94E-02,1.30E+13,3.60E+09,1.00E+00,1.00E-12,1.00E+06,1.00E-06,4.72E+13,3.65E+06,1.30E+16,3.60E+12,1.00E+03,1.00E-09,1.00E+09,1.00E-03,8.05E+12,2.24E+09,6.21E-01,6.21E-13,6.21E+05,6.21E-07,1.00E+06,1.00E-06,1.00E+12,1.00E+00,1.00E+12,1.00E+00,1.00E+18,1.00E+06,1.00E+09,1.00E-03,1.00E+15,1.00E+03,3.94E+12,1.09E+03,1.09E-09,1.09E+09,1.09E-03
nm/s2,1.00E-13,1.00E-07,4.25E-02,1.18E-05,3.28E-15,3.28E-27,3.28E-09,3.28E-21,1.02E-10,1.00E-07,3.94E-14,3.94E-26,3.94E-08,3.94E-20,1.30E-05,3.60E-09,1.00E-18,1.00E-30,1.00E-12,1.00E-24,4.72E-05,3.65E-12,1.30E-02,3.60E-06,1.00E-15,1.00E-27,1.00E-09,1.00E-21,8.05E-06,2.24E-09,6.21E-19,6.21E-31,6.21E-13,6.21E-25,1.00E-12,1.00E-24,1.00E-06,1.00E-18,1.00E-06,1.00E-18,1.00E+00,1.00E-12,1.00E-09,1.00E-21,1.00E-03,1.00E-15,3.94E-06,1.09E-15,1.09E-27,1.09E-09,1.09E-21
nm/us2,1.00E-01,1.00E+05,4.25E+10,1.18E+07,3.28E-03,3.28E-15,3.28E+03,3.28E-09,1.02E+02,1.00E+05,3.94E-02,3.94E-14,3.94E+04,3.94E-08,1.30E+07,3.60E+03,1.00E-06,1.00E-18,1.00E+00,1.00E-12,4.72E+07,3.65E+00,1.30E+10,3.60E+06,1.00E-03,1.00E-15,1.00E+03,1.00E-09,8.05E+06,2.24E+03,6.21E-07,6.21E-19,6.21E-01,6.21E-13,1.00E+00,1.00E-12,1.00E+06,1.00E-06,1.00E+06,1.00E-06,1.00E+12,1.00E+00,1.00E+03,1.00E-09,1.00E+09,1.00E-03,3.94E+06,1.09E-03,1.09E-15,1.09E+03,1.09E-09
um/ms2,1.00E-04,1.00E+02,4.25E+07,1.18E+04,3.28E-06,3.28E-18,3.28E+00,3.28E-12,1.02E-01,1.00E+02,3.94E-05,3.94E-17,3.94E+01,3.94E-11,1.30E+04,3.60E+00,1.00E-09,1.00E-21,1.00E-03,1.00E-15,4.72E+04,3.65E-03,1.30E+07,3.60E+03,1.00E-06,1.00E-18,1.00E+00,1.00E-12,8.05E+03,2.24E+00,6.21E-10,6.21E-22,6.21E-04,6.21E-16,1.00E-03,1.00E-15,1.00E+03,1.00E-09,1.00E+03,1.00E-09,1.00E+09,1.00E-03,1.00E+00,1.00E-12,1.00E+06,1.00E-06,3.94E+03,1.09E-06,1.09E-18,1.09E+00,1.09E-12
um/ns2,1.00E+08,1.00E+14,4.25E+19,1.18E+16,3.28E+06,3.28E-06,3.28E+12,3.28E+00,1.02E+11,1.00E+14,3.94E+07,3.94E-05,3.94E+13,3.94E+01,1.30E+16,3.60E+12,1.00E+03,1.00E-09,1.00E+09,1.00E-03,4.72E+16,3.65E+09,1.30E+19,3.60E+15,1.00E+06,1.00E-06,1.00E+12,1.00E+00,8.05E+15,2.24E+12,6.21E+02,6.21E-10,6.21E+08,6.21E-04,1.00E+09,1.00E-03,1.00E+15,1.00E+03,1.00E+15,1.00E+03,1.00E+21,1.00E+09,1.00E+12,1.00E+00,1.00E+18,1.00E+06,3.94E+15,1.09E+06,1.09E-06,1.09E+12,1.09E+00
um/s2,1.00E-10,1.00E-04,4.25E+01,1.18E-02,3.28E-12,3.28E-24,3.28E-06,3.28E-18,1.02E-07,1.00E-04,3.94E-11,3.94E-23,3.94E-05,3.94E-17,1.30E-02,3.60E-06,1.00E-15,1.00E-27,1.00E-09,1.00E-21,4.72E-02,3.65E-09,1.30E+01,3.60E-03,1.00E-12,1.00E-24,1.00E-06,1.00E-18,8.05E-03,2.24E-06,6.21E-16,6.21E-28,6.21E-10,6.21E-22,1.00E-09,1.00E-21,1.00E-03,1.00E-15,1.00E-03,1.00E-15,1.00E+03,1.00E-09,1.00E-06,1.00E-18,1.00E+00,1.00E-12,3.94E-03,1.09E-12,1.09E-24,1.09E-06,1.09E-18
um/us2,1.00E+02,1.00E+08,4.25E+13,1.18E+10,3.28E+00,3.28E-12,3.28E+06,3.28E-06,1.02E+05,1.00E+08,3.94E+01,3.94E-11,3.94E+07,3.94E-05,1.30E+10,3.60E+06,1.00E-03,1.00E-15,1.00E+03,1.00E-09,4.72E+10,3.65E+03,1.30E+13,3.60E+09,1.00E+00,1.00E-12,1.00E+06,1.00E-06,8.05E+09,2.24E+06,6.21E-04,6.21E-16,6.21E+02,6.21E-10,1.00E+03,1.00E-09,1.00E+09,1.00E-03,1.00E+09,1.00E-03,1.00E+15,1.00E+03,1.00E+06,1.00E-06,1.00E+12,1.00E+00,3.94E+09,1.09E+00,1.09E-12,1.09E+06,1.09E-06
yd/min2,2.54E-08,2.54E-02,1.08E+04,3.00E+00,8.33E-10,8.33E-22,8.33E-04,8.33E-16,2.59E-05,2.54E-02,1.00E-08,1.00E-20,1.00E-02,1.00E-14,3.29E+00,9.14E-04,2.54E-13,2.54E-25,2.54E-07,2.54E-19,1.20E+01,9.26E-07,3.29E+03,9.14E-01,2.54E-10,2.54E-22,2.54E-04,2.54E-16,2.05E+00,5.68E-04,1.58E-13,1.58E-25,1.58E-07,1.58E-19,2.54E-07,2.54E-19,2.54E-01,2.54E-13,2.54E-01,2.54E-13,2.54E+05,2.54E-07,2.54E-04,2.54E-16,2.54E+02,2.54E-10,1.00E+00,2.78E-10,2.78E-22,2.78E-04,2.78E-16
yd/ms2,9.14E+01,9.14E+07,3.89E+13,1.08E+10,3.00E+00,3.00E-12,3.00E+06,3.00E-06,9.32E+04,9.14E+07,3.60E+01,3.60E-11,3.60E+07,3.60E-05,1.19E+10,3.29E+06,9.14E-04,9.14E-16,9.14E+02,9.14E-10,4.32E+10,3.33E+03,1.19E+13,3.29E+09,9.14E-01,9.14E-13,9.14E+05,9.14E-07,7.36E+09,2.05E+06,5.68E-04,5.68E-16,5.68E+02,5.68E-10,9.14E+02,9.14E-10,9.14E+08,9.14E-04,9.14E+08,9.14E-04,9.14E+14,9.14E+02,9.14E+05,9.14E-07,9.14E+11,9.14E-01,3.60E+09,1.00E+00,1.00E-12,1.00E+06,1.00E-06
yd/ns2,9.14E+13,9.14E+19,3.89E+25,1.08E+22,3.00E+12,3.00E+00,3.00E+18,3.00E+06,9.32E+16,9.14E+19,3.60E+13,3.60E+01,3.60E+19,3.60E+07,1.19E+22,3.29E+18,9.14E+08,9.14E-04,9.14E+14,9.14E+02,4.32E+22,3.33E+15,1.19E+25,3.29E+21,9.14E+11,9.14E-01,9.14E+17,9.14E+05,7.36E+21,2.05E+18,5.68E+08,5.68E-04,5.68E+14,5.68E+02,9.14E+14,9.14E+02,9.14E+20,9.14E+08,9.14E+20,9.14E+08,9.14E+26,9.14E+14,9.14E+17,9.14E+05,9.14E+23,9.14E+11,3.60E+21,1.00E+12,1.00E+00,1.00E+18,1.00E+06
yd/s2,9.14E-05,9.14E+01,3.89E+07,1.08E+04,3.00E-06,3.00E-18,3.00E+00,3.00E-12,9.32E-02,9.14E+01,3.60E-05,3.60E-17,3.60E+01,3.60E-11,1.19E+04,3.29E+00,9.14E-10,9.14E-22,9.14E-04,9.14E-16,4.32E+04,3.33E-03,1.19E+07,3.29E+03,9.14E-07,9.14E-19,9.14E-01,9.14E-13,7.36E+03,2.05E+00,5.68E-10,5.68E-22,5.68E-04,5.68E-16,9.14E-04,9.14E-16,9.14E+02,9.14E-10,9.14E+02,9.14E-10,9.14E+08,9.14E-04,9.14E-01,9.14E-13,9.14E+05,9.14E-07,3.60E+03,1.00E-06,1.00E-18,1.00E+00,1.00E-12
yd/us2,9.14E+07,9.14E+13,3.89E+19,1.08E+16,3.00E+06,3.00E-06,3.00E+12,3.00E+00,9.32E+10,9.14E+13,3.60E+07,3.60E-05,3.60E+13,3.60E+01,1.19E+16,3.29E+12,9.14E+02,9.14E-10,9.14E+08,9.14E-04,4.32E+16,3.33E+09,1.19E+19,3.29E+15,9.14E+05,9.14E-07,9.14E+11,9.14E-01,7.36E+15,2.05E+12,5.68E+02,5.68E-10,5.68E+08,5.68E-04,9.14E+08,9.14E-04,9.14E+14,9.14E+02,9.14E+14,9.14E+02,9.14E+20,9.14E+08,9.14E+11,9.14E-01,9.14E+17,9.14E+05,3.60E+15,1.00E+06,1.00E-06,1.00E+12,1.00E+00
