atmosfera (padrão),1.00E+00,1.03E+00,1.01E+18,1.01E+23,1.01E+00,1.01E+06,1.01E+06,1.01E+02,7.60E+01,1.03E+03,7.60E+01,1.01E+07,7.60E+04,1.03E+03,1.03E+04,4.07E+02,1.01E-01,1.01E+04,1.01E+01,1.01E+06,7.60E+03,1.01E+06,1.01E-18,1.01E-13,1.01E+15,1.01E+20,1.01E-09,1.01E-04,1.03E+03,1.01E-02,1.01E+03,2.12E+00,1.47E-02,2.12E+03,1.47E+01,1.01E-06,1.01E-01,1.01E-01,7.99E+03,8.43E+03,1.01E+06,1.03E+07,7.60E+05,1.01E+11,1.01E+03,7.60E+02,1.03E+04,7.60E+02,1.01E+08,7.60E+05,1.01E+09,101325010000000,101325.01,0.10132501,235.13520406,101325.01,406.78250461,314666.71263,332005.13634,29.9212583,1.01E-15,1.01E-10,1013250100000,1.0132501E+017,101.32501,406.78250461,314666.71263,332005.13634,29.9212583,68087.265119,0.0010132501,1.0332275548,10332.275548,0.010332275548,101.32501,101.32501,1.0332275548,10332.275548,0.010332275548,101.32501,1.01E-12,1.01E-07,1.0581084183,0.007347975127,0.94473965919,0.0065606920777,10.332275548,760.00006601,1.01E+24,1.01E+29,1.01E-24,1.01E-19,1.01E+21,1.01E+26,1.01E-21,1.01E-16
atmosfera (técnico),9.68E-01,1.00E+00,9.81E+17,9.81E+22,9.81E-01,9.81E+05,9.80E+05,9.81E+01,7.36E+01,1.00E+03,7.36E+01,9.81E+06,7.36E+04,1.00E+03,1.00E+04,3.94E+02,9.81E-02,9.81E+03,9.81E+00,9.81E+05,7.36E+03,9.81E+05,9.81E-19,9.81E-14,9.81E+14,9.81E+19,9.81E-10,9.81E-05,1.00E+03,9.81E-03,9.81E+02,2.05E+00,1.42E-02,2.05E+03,1.42E+01,9.81E-07,9.81E-02,9.81E-02,7.74E+03,8.16E+03,9.81E+05,1.00E+07,7.36E+05,9.81E+10,9.81E+02,7.36E+02,1.00E+04,7.36E+02,9.81E+07,7.36E+05,9.81E+08,9.81E+13,9.81E+04,9.81E-02,2.28E+02,9.81E+04,3.94E+02,3.05E+05,3.21E+05,2.90E+01,9.81E-16,9.81E-11,9.81E+11,9.81E+16,9.81E+01,3.94E+02,3.05E+05,3.21E+05,2.90E+01,6.59E+04,9.81E-04,1.00E+00,1.00E+04,1.00E-02,9.81E+01,9.81E+01,1.00E+00,1.00E+04,1.00E-02,9.81E+01,9.81E-13,9.81E-08,1.02E+00,7.11E-03,9.14E-01,6.35E-03,1.00E+01,7.36E+02,9.81E+23,9.81E+28,9.81E-25,9.81E-20,9.81E+20,9.81E+25,9.81E-22,9.81E-17
attobar,9.87E-19,1.02E-18,1.00E+00,1.00E+05,1.00E-18,1.00E-12,1.00E-12,1.00E-16,7.50E-17,1.02E-15,7.50E-17,1.00E-11,7.50E-14,1.02E-15,1.02E-14,4.01E-16,1.00E-19,1.00E-14,1.00E-17,1.00E-12,7.50E-15,1.00E-12,1.00E-36,1.00E-31,1.00E-03,1.00E+02,1.00E-27,1.00E-22,1.02E-15,1.00E-20,1.00E-15,2.09E-18,1.45E-20,2.09E-15,1.45E-17,1.00E-24,1.00E-19,1.00E-19,7.89E-15,8.32E-15,1.00E-12,1.02E-11,7.50E-13,1.00E-07,1.00E-15,7.50E-16,1.02E-14,7.50E-16,1.00E-10,7.50E-13,1.00E-09,1.00E-04,1.00E-13,1.00E-19,2.32E-16,1.00E-13,4.01E-16,3.11E-13,3.28E-13,2.95E-17,1.00E-33,1.00E-28,1.00E-06,1.00E-01,1.00E-16,4.01E-16,3.11E-13,3.28E-13,2.95E-17,6.72E-14,1.00E-21,1.02E-18,1.02E-14,1.02E-20,1.00E-16,1.00E-16,1.02E-18,1.02E-14,1.02E-20,1.00E-16,1.00E-30,1.00E-25,1.04E-18,7.25E-21,9.32E-19,6.47E-21,1.02E-17,7.50E-16,1.00E+06,1.00E+11,1.00E-42,1.00E-37,1.00E+03,1.00E+08,1.00E-39,1.00E-34
attopascal,9.87E-24,1.02E-23,1.00E-05,1.00E+00,1.00E-23,1.00E-17,1.00E-17,1.00E-21,7.50E-22,1.02E-20,7.50E-22,1.00E-16,7.50E-19,1.02E-20,1.02E-19,4.01E-21,1.00E-24,1.00E-19,1.00E-22,1.00E-17,7.50E-20,1.00E-17,1.00E-41,1.00E-36,1.00E-08,1.00E-03,1.00E-32,1.00E-27,1.02E-20,1.00E-25,1.00E-20,2.09E-23,1.45E-25,2.09E-20,1.45E-22,1.00E-29,1.00E-24,1.00E-24,7.89E-20,8.32E-20,1.00E-17,1.02E-16,7.50E-18,1.00E-12,1.00E-20,7.50E-21,1.02E-19,7.50E-21,1.00E-15,7.50E-18,1.00E-14,1.00E-09,1.00E-18,1.00E-24,2.32E-21,1.00E-18,4.01E-21,3.11E-18,3.28E-18,2.95E-22,1.00E-38,1.00E-33,1.00E-11,1.00E-06,1.00E-21,4.01E-21,3.11E-18,3.28E-18,2.95E-22,6.72E-19,1.00E-26,1.02E-23,1.02E-19,1.02E-25,1.00E-21,1.00E-21,1.02E-23,1.02E-19,1.02E-25,1.00E-21,1.00E-35,1.00E-30,1.04E-23,7.25E-26,9.32E-24,6.47E-26,1.02E-22,7.50E-21,1.00E+01,1.00E+06,1.00E-47,1.00E-42,1.00E-02,1.00E+03,1.00E-44,1.00E-39
bar,9.87E-01,1.02E+00,1.00E+18,1.00E+23,1.00E+00,1.00E+06,1.00E+06,1.00E+02,7.50E+01,1.02E+03,7.50E+01,1.00E+07,7.50E+04,1.02E+03,1.02E+04,4.01E+02,1.00E-01,1.00E+04,1.00E+01,1.00E+06,7.50E+03,1.00E+06,1.00E-18,1.00E-13,1.00E+15,1.00E+20,1.00E-09,1.00E-04,1.02E+03,1.00E-02,1.00E+03,2.09E+00,1.45E-02,2.09E+03,1.45E+01,1.00E-06,1.00E-01,1.00E-01,7.89E+03,8.32E+03,1.00E+06,1.02E+07,7.50E+05,1.00E+11,1.00E+03,7.50E+02,1.02E+04,7.50E+02,1.00E+08,7.50E+05,1.00E+09,1.00E+14,1.00E+05,1.00E-01,2.32E+02,1.00E+05,4.01E+02,3.11E+05,3.28E+05,2.95E+01,1.00E-15,1.00E-10,1.00E+12,1.00E+17,1.00E+02,4.01E+02,3.11E+05,3.28E+05,2.95E+01,6.72E+04,1.00E-03,1.02E+00,1.02E+04,1.02E-02,1.00E+02,1.00E+02,1.02E+00,1.02E+04,1.02E-02,1.00E+02,1.00E-12,1.00E-07,1.04E+00,7.25E-03,9.32E-01,6.47E-03,1.02E+01,7.50E+02,1.00E+24,1.00E+29,1.00E-24,1.00E-19,1.00E+21,1.00E+26,1.00E-21,1.00E-16
barad,9.87E-07,1.02E-06,1.00E+12,1.00E+17,1.00E-06,1.00E+00,1.00E+00,1.00E-04,7.50E-05,1.02E-03,7.50E-05,1.00E+01,7.50E-02,1.02E-03,1.02E-02,4.01E-04,1.00E-07,1.00E-02,1.00E-05,1.00E+00,7.50E-03,1.00E+00,1.00E-24,1.00E-19,1.00E+09,1.00E+14,1.00E-15,1.00E-10,1.02E-03,1.00E-08,1.00E-03,2.09E-06,1.45E-08,2.09E-03,1.45E-05,1.00E-12,1.00E-07,1.00E-07,7.89E-03,8.32E-03,1.00E+00,1.02E+01,7.50E-01,1.00E+05,1.00E-03,7.50E-04,1.02E-02,7.50E-04,1.00E+02,7.50E-01,1.00E+03,1.00E+08,1.00E-01,1.00E-07,2.32E-04,1.00E-01,4.01E-04,3.11E-01,3.28E-01,2.95E-05,1.00E-21,1.00E-16,1.00E+06,1.00E+11,1.00E-04,4.01E-04,3.11E-01,3.28E-01,2.95E-05,6.72E-02,1.00E-09,1.02E-06,1.02E-02,1.02E-08,1.00E-04,1.00E-04,1.02E-06,1.02E-02,1.02E-08,1.00E-04,1.00E-18,1.00E-13,1.04E-06,7.25E-09,9.32E-07,6.47E-09,1.02E-05,7.50E-04,1.00E+18,1.00E+23,1.00E-30,1.00E-25,1.00E+15,1.00E+20,1.00E-27,1.00E-22
barye,9.87E-07,1.02E-06,1.00E+12,1.00E+17,1.00E-06,1.00E+00,1.00E+00,1.00E-04,7.50E-05,1.02E-03,7.50E-05,1.00E+01,7.50E-02,1.02E-03,1.02E-02,4.02E-04,1.00E-07,1.00E-02,1.00E-05,1.00E+00,7.50E-03,1.00E+00,1.00E-24,1.00E-19,1.00E+09,1.00E+14,1.00E-15,1.00E-10,1.02E-03,1.00E-08,1.00E-03,2.09E-06,1.45E-08,2.09E-03,1.45E-05,1.00E-12,1.00E-07,1.00E-07,7.89E-03,8.32E-03,1.00E+00,1.02E+01,7.50E-01,1.00E+05,1.00E-03,7.50E-04,1.02E-02,7.50E-04,1.00E+02,7.50E-01,1.00E+03,1.00E+08,1.00E-01,1.00E-07,2.32E-04,1.00E-01,4.02E-04,3.11E-01,3.28E-01,2.95E-05,1.00E-21,1.00E-16,1.00E+06,1.00E+11,1.00E-04,4.02E-04,3.11E-01,3.28E-01,2.95E-05,6.72E-02,1.00E-09,1.02E-06,1.02E-02,1.02E-08,1.00E-04,1.00E-04,1.02E-06,1.02E-02,1.02E-08,1.00E-04,1.00E-18,1.00E-13,1.04E-06,7.25E-09,9.33E-07,6.48E-09,1.02E-05,7.50E-04,1.00E+18,1.00E+23,1.00E-30,1.00E-25,1.00E+15,1.00E+20,1.00E-27,1.00E-22
centibar,9.87E-03,1.02E-02,1.00E+16,1.00E+21,1.00E-02,1.00E+04,1.00E+04,1.00E+00,7.50E-01,1.02E+01,7.50E-01,1.00E+05,7.50E+02,1.02E+01,1.02E+02,4.01E+00,1.00E-03,1.00E+02,1.00E-01,1.00E+04,7.50E+01,1.00E+04,1.00E-20,1.00E-15,1.00E+13,1.00E+18,1.00E-11,1.00E-06,1.02E+01,1.00E-04,1.00E+01,2.09E-02,1.45E-04,2.09E+01,1.45E-01,1.00E-08,1.00E-03,1.00E-03,7.89E+01,8.32E+01,1.00E+04,1.02E+05,7.50E+03,1.00E+09,1.00E+01,7.50E+00,1.02E+02,7.50E+00,1.00E+06,7.50E+03,1.00E+07,1.00E+12,1.00E+03,1.00E-03,2.32E+00,1.00E+03,4.01E+00,3.11E+03,3.28E+03,2.95E-01,1.00E-17,1.00E-12,1.00E+10,1.00E+15,1.00E+00,4.01E+00,3.11E+03,3.28E+03,2.95E-01,6.72E+02,1.00E-05,1.02E-02,1.02E+02,1.02E-04,1.00E+00,1.00E+00,1.02E-02,1.02E+02,1.02E-04,1.00E+00,1.00E-14,1.00E-09,1.04E-02,7.25E-05,9.32E-03,6.47E-05,1.02E-01,7.50E+00,1.00E+22,1.00E+27,1.00E-26,1.00E-21,1.00E+19,1.00E+24,1.00E-23,1.00E-18
centihg,1.32E-02,1.36E-02,1.33E+16,1.33E+21,1.33E-02,1.33E+04,1.33E+04,1.33E+00,1.00E+00,1.36E+01,1.00E+00,1.33E+05,1.00E+03,1.36E+01,1.36E+02,5.35E+00,1.33E-03,1.33E+02,1.33E-01,1.33E+04,1.00E+02,1.33E+04,1.33E-20,1.33E-15,1.33E+13,1.33E+18,1.33E-11,1.33E-06,1.36E+01,1.33E-04,1.33E+01,2.78E-02,1.93E-04,2.78E+01,1.93E-01,1.33E-08,1.33E-03,1.33E-03,1.05E+02,1.11E+02,1.33E+04,1.36E+05,1.00E+04,1.33E+09,1.33E+01,1.00E+01,1.36E+02,1.00E+01,1.33E+06,1.00E+04,1.33E+07,1.33E+12,1.33E+03,1.33E-03,3.09E+00,1.33E+03,5.35E+00,4.14E+03,4.37E+03,3.94E-01,1.33E-17,1.33E-12,1.33E+10,1.33E+15,1.33E+00,5.35E+00,4.14E+03,4.37E+03,3.94E-01,8.96E+02,1.33E-05,1.36E-02,1.36E+02,1.36E-04,1.33E+00,1.33E+00,1.36E-02,1.36E+02,1.36E-04,1.33E+00,1.33E-14,1.33E-09,1.39E-02,9.67E-05,1.24E-02,8.63E-05,1.36E-01,1.00E+01,1.33E+22,1.33E+27,1.33E-26,1.33E-21,1.33E+19,1.33E+24,1.33E-23,1.33E-18
centímetro de água [4 ˚C],9.68E-04,1.00E-03,9.81E+14,9.81E+19,9.81E-04,9.81E+02,9.80E+02,9.81E-02,7.36E-02,1.00E+00,7.36E-02,9.81E+03,7.36E+01,1.00E+00,1.00E+01,3.94E-01,9.81E-05,9.81E+00,9.81E-03,9.81E+02,7.36E+00,9.81E+02,9.81E-22,9.81E-17,9.81E+11,9.81E+16,9.81E-13,9.81E-08,1.00E+00,9.81E-06,9.81E-01,2.05E-03,1.42E-05,2.05E+00,1.42E-02,9.81E-10,9.81E-05,9.81E-05,7.74E+00,8.16E+00,9.81E+02,1.00E+04,7.36E+02,9.81E+07,9.81E-01,7.36E-01,1.00E+01,7.36E-01,9.81E+04,7.36E+02,9.81E+05,9.81E+10,9.81E+01,9.81E-05,2.28E-01,9.81E+01,3.94E-01,3.05E+02,3.21E+02,2.90E-02,9.81E-19,9.81E-14,9.81E+08,9.81E+13,9.81E-02,3.94E-01,3.05E+02,3.21E+02,2.90E-02,6.59E+01,9.81E-07,1.00E-03,1.00E+01,1.00E-05,9.81E-02,9.81E-02,1.00E-03,1.00E+01,1.00E-05,9.81E-02,9.81E-16,9.81E-11,1.02E-03,7.11E-06,9.14E-04,6.35E-06,1.00E-02,7.36E-01,9.81E+20,9.81E+25,9.81E-28,9.81E-23,9.81E+17,9.81E+22,9.81E-25,9.81E-20
centímetro de mercúrio [0 ˚C],1.32E-02,1.36E-02,1.33E+16,1.33E+21,1.33E-02,1.33E+04,1.33E+04,1.33E+00,1.00E+00,1.36E+01,1.00E+00,1.33E+05,1.00E+03,1.36E+01,1.36E+02,5.35E+00,1.33E-03,1.33E+02,1.33E-01,1.33E+04,1.00E+02,1.33E+04,1.33E-20,1.33E-15,1.33E+13,1.33E+18,1.33E-11,1.33E-06,1.36E+01,1.33E-04,1.33E+01,2.78E-02,1.93E-04,2.78E+01,1.93E-01,1.33E-08,1.33E-03,1.33E-03,1.05E+02,1.11E+02,1.33E+04,1.36E+05,1.00E+04,1.33E+09,1.33E+01,1.00E+01,1.36E+02,1.00E+01,1.33E+06,1.00E+04,1.33E+07,1.33E+12,1.33E+03,1.33E-03,3.09E+00,1.33E+03,5.35E+00,4.14E+03,4.37E+03,3.94E-01,1.33E-17,1.33E-12,1.33E+10,1.33E+15,1.33E+00,5.35E+00,4.14E+03,4.37E+03,3.94E-01,8.96E+02,1.33E-05,1.36E-02,1.36E+02,1.36E-04,1.33E+00,1.33E+00,1.36E-02,1.36E+02,1.36E-04,1.33E+00,1.33E-14,1.33E-09,1.39E-02,9.67E-05,1.24E-02,8.63E-05,1.36E-01,1.00E+01,1.33E+22,1.33E+27,1.33E-26,1.33E-21,1.33E+19,1.33E+24,1.33E-23,1.33E-18
centipascal,9.87E-08,1.02E-07,1.00E+11,1.00E+16,1.00E-07,1.00E-01,1.00E-01,1.00E-05,7.50E-06,1.02E-04,7.50E-06,1.00E+00,7.50E-03,1.02E-04,1.02E-03,4.01E-05,1.00E-08,1.00E-03,1.00E-06,1.00E-01,7.50E-04,1.00E-01,1.00E-25,1.00E-20,1.00E+08,1.00E+13,1.00E-16,1.00E-11,1.02E-04,1.00E-09,1.00E-04,2.09E-07,1.45E-09,2.09E-04,1.45E-06,1.00E-13,1.00E-08,1.00E-08,7.89E-04,8.32E-04,1.00E-01,1.02E+00,7.50E-02,1.00E+04,1.00E-04,7.50E-05,1.02E-03,7.50E-05,1.00E+01,7.50E-02,1.00E+02,1.00E+07,1.00E-02,1.00E-08,2.32E-05,1.00E-02,4.01E-05,3.11E-02,3.28E-02,2.95E-06,1.00E-22,1.00E-17,1.00E+05,1.00E+10,1.00E-05,4.01E-05,3.11E-02,3.28E-02,2.95E-06,6.72E-03,1.00E-10,1.02E-07,1.02E-03,1.02E-09,1.00E-05,1.00E-05,1.02E-07,1.02E-03,1.02E-09,1.00E-05,1.00E-19,1.00E-14,1.04E-07,7.25E-10,9.32E-08,6.47E-10,1.02E-06,7.50E-05,1.00E+17,1.00E+22,1.00E-31,1.00E-26,1.00E+14,1.00E+19,1.00E-28,1.00E-23
centitorr,1.32E-05,1.36E-05,1.33E+13,1.33E+18,1.33E-05,1.33E+01,1.33E+01,1.33E-03,1.00E-03,1.36E-02,1.00E-03,1.33E+02,1.00E+00,1.36E-02,1.36E-01,5.35E-03,1.33E-06,1.33E-01,1.33E-04,1.33E+01,1.00E-01,1.33E+01,1.33E-23,1.33E-18,1.33E+10,1.33E+15,1.33E-14,1.33E-09,1.36E-02,1.33E-07,1.33E-02,2.78E-05,1.93E-07,2.78E-02,1.93E-04,1.33E-11,1.33E-06,1.33E-06,1.05E-01,1.11E-01,1.33E+01,1.36E+02,1.00E+01,1.33E+06,1.33E-02,1.00E-02,1.36E-01,1.00E-02,1.33E+03,1.00E+01,1.33E+04,1.33E+09,1.33E+00,1.33E-06,3.09E-03,1.33E+00,5.35E-03,4.14E+00,4.37E+00,3.94E-04,1.33E-20,1.33E-15,1.33E+07,1.33E+12,1.33E-03,5.35E-03,4.14E+00,4.37E+00,3.94E-04,8.96E-01,1.33E-08,1.36E-05,1.36E-01,1.36E-07,1.33E-03,1.33E-03,1.36E-05,1.36E-01,1.36E-07,1.33E-03,1.33E-17,1.33E-12,1.39E-05,9.67E-08,1.24E-05,8.63E-08,1.36E-04,1.00E-02,1.33E+19,1.33E+24,1.33E-29,1.33E-24,1.33E+16,1.33E+21,1.33E-26,1.33E-21
coluna de água [centímetro],9.68E-04,1.00E-03,9.81E+14,9.81E+19,9.81E-04,9.81E+02,9.80E+02,9.81E-02,7.36E-02,1.00E+00,7.36E-02,9.81E+03,7.36E+01,1.00E+00,1.00E+01,3.94E-01,9.81E-05,9.81E+00,9.81E-03,9.81E+02,7.36E+00,9.81E+02,9.81E-22,9.81E-17,9.81E+11,9.81E+16,9.81E-13,9.81E-08,1.00E+00,9.81E-06,9.81E-01,2.05E-03,1.42E-05,2.05E+00,1.42E-02,9.81E-10,9.81E-05,9.81E-05,7.74E+00,8.16E+00,9.81E+02,1.00E+04,7.36E+02,9.81E+07,9.81E-01,7.36E-01,1.00E+01,7.36E-01,9.81E+04,7.36E+02,9.81E+05,9.81E+10,9.81E+01,9.81E-05,2.28E-01,9.81E+01,3.94E-01,3.05E+02,3.21E+02,2.90E-02,9.81E-19,9.81E-14,9.81E+08,9.81E+13,9.81E-02,3.94E-01,3.05E+02,3.21E+02,2.90E-02,6.59E+01,9.81E-07,1.00E-03,1.00E+01,1.00E-05,9.81E-02,9.81E-02,1.00E-03,1.00E+01,1.00E-05,9.81E-02,9.81E-16,9.81E-11,1.02E-03,7.11E-06,9.14E-04,6.35E-06,1.00E-02,7.36E-01,9.81E+20,9.81E+25,9.81E-28,9.81E-23,9.81E+17,9.81E+22,9.81E-25,9.81E-20
coluna de água [milímetro],9.68E-05,1.00E-04,9.81E+13,9.81E+18,9.81E-05,9.81E+01,9.80E+01,9.81E-03,7.36E-03,1.00E-01,7.36E-03,9.81E+02,7.36E+00,1.00E-01,1.00E+00,3.94E-02,9.81E-06,9.81E-01,9.81E-04,9.81E+01,7.36E-01,9.81E+01,9.81E-23,9.81E-18,9.81E+10,9.81E+15,9.81E-14,9.81E-09,1.00E-01,9.81E-07,9.81E-02,2.05E-04,1.42E-06,2.05E-01,1.42E-03,9.81E-11,9.81E-06,9.81E-06,7.74E-01,8.16E-01,9.81E+01,1.00E+03,7.36E+01,9.81E+06,9.81E-02,7.36E-02,1.00E+00,7.36E-02,9.81E+03,7.36E+01,9.81E+04,9.81E+09,9.81E+00,9.81E-06,2.28E-02,9.81E+00,3.94E-02,3.05E+01,3.21E+01,2.90E-03,9.81E-20,9.81E-15,9.81E+07,9.81E+12,9.81E-03,3.94E-02,3.05E+01,3.21E+01,2.90E-03,6.59E+00,9.81E-08,1.00E-04,1.00E+00,1.00E-06,9.81E-03,9.81E-03,1.00E-04,1.00E+00,1.00E-06,9.81E-03,9.81E-17,9.81E-12,1.02E-04,7.11E-07,9.14E-05,6.35E-07,1.00E-03,7.36E-02,9.81E+19,9.81E+24,9.81E-29,9.81E-24,9.81E+16,9.81E+21,9.81E-26,9.81E-21
coluna de água [polegada],2.46E-03,2.54E-03,2.49E+15,2.49E+20,2.49E-03,2.49E+03,2.49E+03,2.49E-01,1.87E-01,2.54E+00,1.87E-01,2.49E+04,1.87E+02,2.54E+00,2.54E+01,1.00E+00,2.49E-04,2.49E+01,2.49E-02,2.49E+03,1.87E+01,2.49E+03,2.49E-21,2.49E-16,2.49E+12,2.49E+17,2.49E-12,2.49E-07,2.54E+00,2.49E-05,2.49E+00,5.20E-03,3.61E-05,5.20E+00,3.61E-02,2.49E-09,2.49E-04,2.49E-04,1.96E+01,2.07E+01,2.49E+03,2.54E+04,1.87E+03,2.49E+08,2.49E+00,1.87E+00,2.54E+01,1.87E+00,2.49E+05,1.87E+03,2.49E+06,2.49E+11,2.49E+02,2.49E-04,5.78E-01,2.49E+02,1.00E+00,7.74E+02,8.16E+02,7.36E-02,2.49E-18,2.49E-13,2.49E+09,2.49E+14,2.49E-01,1.00E+00,7.74E+02,8.16E+02,7.36E-02,1.67E+02,2.49E-06,2.54E-03,2.54E+01,2.54E-05,2.49E-01,2.49E-01,2.54E-03,2.54E+01,2.54E-05,2.49E-01,2.49E-15,2.49E-10,2.60E-03,1.81E-05,2.32E-03,1.61E-05,2.54E-02,1.87E+00,2.49E+21,2.49E+26,2.49E-27,2.49E-22,2.49E+18,2.49E+23,2.49E-24,2.49E-19
decabar,9.87E+00,1.02E+01,1.00E+19,1.00E+24,1.00E+01,1.00E+07,1.00E+07,1.00E+03,7.50E+02,1.02E+04,7.50E+02,1.00E+08,7.50E+05,1.02E+04,1.02E+05,4.01E+03,1.00E+00,1.00E+05,1.00E+02,1.00E+07,7.50E+04,1.00E+07,1.00E-17,1.00E-12,1.00E+16,1.00E+21,1.00E-08,1.00E-03,1.02E+04,1.00E-01,1.00E+04,2.09E+01,1.45E-01,2.09E+04,1.45E+02,1.00E-05,1.00E+00,1.00E+00,7.89E+04,8.32E+04,1.00E+07,1.02E+08,7.50E+06,1.00E+12,1.00E+04,7.50E+03,1.02E+05,7.50E+03,1.00E+09,7.50E+06,1.00E+10,1.00E+15,1.00E+06,1.00E+00,2.32E+03,1.00E+06,4.01E+03,3.11E+06,3.28E+06,2.95E+02,1.00E-14,1.00E-09,1.00E+13,1.00E+18,1.00E+03,4.01E+03,3.11E+06,3.28E+06,2.95E+02,6.72E+05,1.00E-02,1.02E+01,1.02E+05,1.02E-01,1.00E+03,1.00E+03,1.02E+01,1.02E+05,1.02E-01,1.00E+03,1.00E-11,1.00E-06,1.04E+01,7.25E-02,9.32E+00,6.47E-02,1.02E+02,7.50E+03,1.00E+25,1.00E+30,1.00E-23,1.00E-18,1.00E+22,1.00E+27,1.00E-20,1.00E-15
decapascal,9.87E-05,1.02E-04,1.00E+14,1.00E+19,1.00E-04,1.00E+02,1.00E+02,1.00E-02,7.50E-03,1.02E-01,7.50E-03,1.00E+03,7.50E+00,1.02E-01,1.02E+00,4.01E-02,1.00E-05,1.00E+00,1.00E-03,1.00E+02,7.50E-01,1.00E+02,1.00E-22,1.00E-17,1.00E+11,1.00E+16,1.00E-13,1.00E-08,1.02E-01,1.00E-06,1.00E-01,2.09E-04,1.45E-06,2.09E-01,1.45E-03,1.00E-10,1.00E-05,1.00E-05,7.89E-01,8.32E-01,1.00E+02,1.02E+03,7.50E+01,1.00E+07,1.00E-01,7.50E-02,1.02E+00,7.50E-02,1.00E+04,7.50E+01,1.00E+05,1.00E+10,1.00E+01,1.00E-05,2.32E-02,1.00E+01,4.01E-02,3.11E+01,3.28E+01,2.95E-03,1.00E-19,1.00E-14,1.00E+08,1.00E+13,1.00E-02,4.01E-02,3.11E+01,3.28E+01,2.95E-03,6.72E+00,1.00E-07,1.02E-04,1.02E+00,1.02E-06,1.00E-02,1.00E-02,1.02E-04,1.02E+00,1.02E-06,1.00E-02,1.00E-16,1.00E-11,1.04E-04,7.25E-07,9.32E-05,6.47E-07,1.02E-03,7.50E-02,1.00E+20,1.00E+25,1.00E-28,1.00E-23,1.00E+17,1.00E+22,1.00E-25,1.00E-20
decibar,9.87E-02,1.02E-01,1.00E+17,1.00E+22,1.00E-01,1.00E+05,1.00E+05,1.00E+01,7.50E+00,1.02E+02,7.50E+00,1.00E+06,7.50E+03,1.02E+02,1.02E+03,4.01E+01,1.00E-02,1.00E+03,1.00E+00,1.00E+05,7.50E+02,1.00E+05,1.00E-19,1.00E-14,1.00E+14,1.00E+19,1.00E-10,1.00E-05,1.02E+02,1.00E-03,1.00E+02,2.09E-01,1.45E-03,2.09E+02,1.45E+00,1.00E-07,1.00E-02,1.00E-02,7.89E+02,8.32E+02,1.00E+05,1.02E+06,7.50E+04,1.00E+10,1.00E+02,7.50E+01,1.02E+03,7.50E+01,1.00E+07,7.50E+04,1.00E+08,1.00E+13,1.00E+04,1.00E-02,2.32E+01,1.00E+04,4.01E+01,3.11E+04,3.28E+04,2.95E+00,1.00E-16,1.00E-11,1.00E+11,1.00E+16,1.00E+01,4.01E+01,3.11E+04,3.28E+04,2.95E+00,6.72E+03,1.00E-04,1.02E-01,1.02E+03,1.02E-03,1.00E+01,1.00E+01,1.02E-01,1.02E+03,1.02E-03,1.00E+01,1.00E-13,1.00E-08,1.04E-01,7.25E-04,9.32E-02,6.47E-04,1.02E+00,7.50E+01,1.00E+23,1.00E+28,1.00E-25,1.00E-20,1.00E+20,1.00E+25,1.00E-22,1.00E-17
decipascal,9.87E-07,1.02E-06,1.00E+12,1.00E+17,1.00E-06,1.00E+00,1.00E+00,1.00E-04,7.50E-05,1.02E-03,7.50E-05,1.00E+01,7.50E-02,1.02E-03,1.02E-02,4.01E-04,1.00E-07,1.00E-02,1.00E-05,1.00E+00,7.50E-03,1.00E+00,1.00E-24,1.00E-19,1.00E+09,1.00E+14,1.00E-15,1.00E-10,1.02E-03,1.00E-08,1.00E-03,2.09E-06,1.45E-08,2.09E-03,1.45E-05,1.00E-12,1.00E-07,1.00E-07,7.89E-03,8.32E-03,1.00E+00,1.02E+01,7.50E-01,1.00E+05,1.00E-03,7.50E-04,1.02E-02,7.50E-04,1.00E+02,7.50E-01,1.00E+03,1.00E+08,1.00E-01,1.00E-07,2.32E-04,1.00E-01,4.01E-04,3.11E-01,3.28E-01,2.95E-05,1.00E-21,1.00E-16,1.00E+06,1.00E+11,1.00E-04,4.01E-04,3.11E-01,3.28E-01,2.95E-05,6.72E-02,1.00E-09,1.02E-06,1.02E-02,1.02E-08,1.00E-04,1.00E-04,1.02E-06,1.02E-02,1.02E-08,1.00E-04,1.00E-18,1.00E-13,1.04E-06,7.25E-09,9.32E-07,6.47E-09,1.02E-05,7.50E-04,1.00E+18,1.00E+23,1.00E-30,1.00E-25,1.00E+15,1.00E+20,1.00E-27,1.00E-22
decitorr,1.32E-04,1.36E-04,1.33E+14,1.33E+19,1.33E-04,1.33E+02,1.33E+02,1.33E-02,1.00E-02,1.36E-01,1.00E-02,1.33E+03,1.00E+01,1.36E-01,1.36E+00,5.35E-02,1.33E-05,1.33E+00,1.33E-03,1.33E+02,1.00E+00,1.33E+02,1.33E-22,1.33E-17,1.33E+11,1.33E+16,1.33E-13,1.33E-08,1.36E-01,1.33E-06,1.33E-01,2.78E-04,1.93E-06,2.78E-01,1.93E-03,1.33E-10,1.33E-05,1.33E-05,1.05E+00,1.11E+00,1.33E+02,1.36E+03,1.00E+02,1.33E+07,1.33E-01,1.00E-01,1.36E+00,1.00E-01,1.33E+04,1.00E+02,1.33E+05,1.33E+10,1.33E+01,1.33E-05,3.09E-02,1.33E+01,5.35E-02,4.14E+01,4.37E+01,3.94E-03,1.33E-19,1.33E-14,1.33E+08,1.33E+13,1.33E-02,5.35E-02,4.14E+01,4.37E+01,3.94E-03,8.96E+00,1.33E-07,1.36E-04,1.36E+00,1.36E-06,1.33E-02,1.33E-02,1.36E-04,1.36E+00,1.36E-06,1.33E-02,1.33E-16,1.33E-11,1.39E-04,9.67E-07,1.24E-04,8.63E-07,1.36E-03,1.00E-01,1.33E+20,1.33E+25,1.33E-28,1.33E-23,1.33E+17,1.33E+22,1.33E-25,1.33E-20
dina/centímetro ao quadrado,9.87E-07,1.02E-06,1.00E+12,1.00E+17,1.00E-06,1.00E+00,1.00E+00,1.00E-04,7.50E-05,1.02E-03,7.50E-05,1.00E+01,7.50E-02,1.02E-03,1.02E-02,4.01E-04,1.00E-07,1.00E-02,1.00E-05,1.00E+00,7.50E-03,1.00E+00,1.00E-24,1.00E-19,1.00E+09,1.00E+14,1.00E-15,1.00E-10,1.02E-03,1.00E-08,1.00E-03,2.09E-06,1.45E-08,2.09E-03,1.45E-05,1.00E-12,1.00E-07,1.00E-07,7.89E-03,8.32E-03,1.00E+00,1.02E+01,7.50E-01,1.00E+05,1.00E-03,7.50E-04,1.02E-02,7.50E-04,1.00E+02,7.50E-01,1.00E+03,1.00E+08,1.00E-01,1.00E-07,2.32E-04,1.00E-01,4.01E-04,3.11E-01,3.28E-01,2.95E-05,1.00E-21,1.00E-16,1.00E+06,1.00E+11,1.00E-04,4.01E-04,3.11E-01,3.28E-01,2.95E-05,6.72E-02,1.00E-09,1.02E-06,1.02E-02,1.02E-08,1.00E-04,1.00E-04,1.02E-06,1.02E-02,1.02E-08,1.00E-04,1.00E-18,1.00E-13,1.04E-06,7.25E-09,9.32E-07,6.47E-09,1.02E-05,7.50E-04,1.00E+18,1.00E+23,1.00E-30,1.00E-25,1.00E+15,1.00E+20,1.00E-27,1.00E-22
exabar,9.87E+17,1.02E+18,1.00E+36,1.00E+41,1.00E+18,1.00E+24,1.00E+24,1.00E+20,7.50E+19,1.02E+21,7.50E+19,1.00E+25,7.50E+22,1.02E+21,1.02E+22,4.01E+20,1.00E+17,1.00E+22,1.00E+19,1.00E+24,7.50E+21,1.00E+24,1.00E+00,1.00E+05,1.00E+33,1.00E+38,1.00E+09,1.00E+14,1.02E+21,1.00E+16,1.00E+21,2.09E+18,1.45E+16,2.09E+21,1.45E+19,1.00E+12,1.00E+17,1.00E+17,7.89E+21,8.32E+21,1.00E+24,1.02E+25,7.50E+23,1.00E+29,1.00E+21,7.50E+20,1.02E+22,7.50E+20,1.00E+26,7.50E+23,1.00E+27,1.00E+32,1.00E+23,1.00E+17,2.32E+20,1.00E+23,4.01E+20,3.11E+23,3.28E+23,2.95E+19,1.00E+03,1.00E+08,1.00E+30,1.00E+35,1.00E+20,4.01E+20,3.11E+23,3.28E+23,2.95E+19,6.72E+22,1.00E+15,1.02E+18,1.02E+22,1.02E+16,1.00E+20,1.00E+20,1.02E+18,1.02E+22,1.02E+16,1.00E+20,1.00E+06,1.00E+11,1.04E+18,7.25E+15,9.32E+17,6.47E+15,1.02E+19,7.50E+20,1.00E+42,1.00E+47,1.00E-06,1.00E-01,1.00E+39,1.00E+44,1.00E-03,1.00E+02
exapascal,9.87E+12,1.02E+13,1.00E+31,1.00E+36,1.00E+13,1.00E+19,1.00E+19,1.00E+15,7.50E+14,1.02E+16,7.50E+14,1.00E+20,7.50E+17,1.02E+16,1.02E+17,4.01E+15,1.00E+12,1.00E+17,1.00E+14,1.00E+19,7.50E+16,1.00E+19,1.00E-05,1.00E+00,1.00E+28,1.00E+33,1.00E+04,1.00E+09,1.02E+16,1.00E+11,1.00E+16,2.09E+13,1.45E+11,2.09E+16,1.45E+14,1.00E+07,1.00E+12,1.00E+12,7.89E+16,8.32E+16,1.00E+19,1.02E+20,7.50E+18,1.00E+24,1.00E+16,7.50E+15,1.02E+17,7.50E+15,1.00E+21,7.50E+18,1.00E+22,1.00E+27,1.00E+18,1.00E+12,2.32E+15,1.00E+18,4.01E+15,3.11E+18,3.28E+18,2.95E+14,1.00E-02,1.00E+03,1.00E+25,1.00E+30,1.00E+15,4.01E+15,3.11E+18,3.28E+18,2.95E+14,6.72E+17,1.00E+10,1.02E+13,1.02E+17,1.02E+11,1.00E+15,1.00E+15,1.02E+13,1.02E+17,1.02E+11,1.00E+15,1.00E+01,1.00E+06,1.04E+13,7.25E+10,9.32E+12,6.47E+10,1.02E+14,7.50E+15,1.00E+37,1.00E+42,1.00E-11,1.00E-06,1.00E+34,1.00E+39,1.00E-08,1.00E-03
femtobar,9.87E-16,1.02E-15,1.00E+03,1.00E+08,1.00E-15,1.00E-09,1.00E-09,1.00E-13,7.50E-14,1.02E-12,7.50E-14,1.00E-08,7.50E-11,1.02E-12,1.02E-11,4.01E-13,1.00E-16,1.00E-11,1.00E-14,1.00E-09,7.50E-12,1.00E-09,1.00E-33,1.00E-28,1.00E+00,1.00E+05,1.00E-24,1.00E-19,1.02E-12,1.00E-17,1.00E-12,2.09E-15,1.45E-17,2.09E-12,1.45E-14,1.00E-21,1.00E-16,1.00E-16,7.89E-12,8.32E-12,1.00E-09,1.02E-08,7.50E-10,1.00E-04,1.00E-12,7.50E-13,1.02E-11,7.50E-13,1.00E-07,7.50E-10,1.00E-06,1.00E-01,1.00E-10,1.00E-16,2.32E-13,1.00E-10,4.01E-13,3.11E-10,3.28E-10,2.95E-14,1.00E-30,1.00E-25,1.00E-03,1.00E+02,1.00E-13,4.01E-13,3.11E-10,3.28E-10,2.95E-14,6.72E-11,1.00E-18,1.02E-15,1.02E-11,1.02E-17,1.00E-13,1.00E-13,1.02E-15,1.02E-11,1.02E-17,1.00E-13,1.00E-27,1.00E-22,1.04E-15,7.25E-18,9.32E-16,6.47E-18,1.02E-14,7.50E-13,1.00E+09,1.00E+14,1.00E-39,1.00E-34,1.00E+06,1.00E+11,1.00E-36,1.00E-31
femtopascal,9.87E-21,1.02E-20,1.00E-02,1.00E+03,1.00E-20,1.00E-14,1.00E-14,1.00E-18,7.50E-19,1.02E-17,7.50E-19,1.00E-13,7.50E-16,1.02E-17,1.02E-16,4.01E-18,1.00E-21,1.00E-16,1.00E-19,1.00E-14,7.50E-17,1.00E-14,1.00E-38,1.00E-33,1.00E-05,1.00E+00,1.00E-29,1.00E-24,1.02E-17,1.00E-22,1.00E-17,2.09E-20,1.45E-22,2.09E-17,1.45E-19,1.00E-26,1.00E-21,1.00E-21,7.89E-17,8.32E-17,1.00E-14,1.02E-13,7.50E-15,1.00E-09,1.00E-17,7.50E-18,1.02E-16,7.50E-18,1.00E-12,7.50E-15,1.00E-11,1.00E-06,1.00E-15,1.00E-21,2.32E-18,1.00E-15,4.01E-18,3.11E-15,3.28E-15,2.95E-19,1.00E-35,1.00E-30,1.00E-08,1.00E-03,1.00E-18,4.01E-18,3.11E-15,3.28E-15,2.95E-19,6.72E-16,1.00E-23,1.02E-20,1.02E-16,1.02E-22,1.00E-18,1.00E-18,1.02E-20,1.02E-16,1.02E-22,1.00E-18,1.00E-32,1.00E-27,1.04E-20,7.25E-23,9.32E-21,6.47E-23,1.02E-19,7.50E-18,1.00E+04,1.00E+09,1.00E-44,1.00E-39,1.00E+01,1.00E+06,1.00E-41,1.00E-36
gigabar,9.87E+08,1.02E+09,1.00E+27,1.00E+32,1.00E+09,1.00E+15,1.00E+15,1.00E+11,7.50E+10,1.02E+12,7.50E+10,1.00E+16,7.50E+13,1.02E+12,1.02E+13,4.01E+11,1.00E+08,1.00E+13,1.00E+10,1.00E+15,7.50E+12,1.00E+15,1.00E-09,1.00E-04,1.00E+24,1E+029,1.00E+00,1.00E+05,1.02E+12,1.00E+07,1.00E+12,2.09E+09,1.45E+07,2.09E+12,1.45E+10,1.00E+03,1.00E+08,1.00E+08,7.89E+12,8.32E+12,1.00E+15,1.02E+16,7.50E+14,1.00E+20,1.00E+12,7.50E+11,1.02E+13,7.50E+11,1.00E+17,7.50E+14,1.00E+18,1.00E+23,1.00E+14,1.00E+08,2.32E+11,1.00E+14,4.01E+11,3.11E+14,3.28E+14,2.95E+10,1.00E-06,1.00E-01,1.00E+21,1.00E+26,1.00E+11,4.01E+11,3.11E+14,3.28E+14,2.95E+10,6.72E+13,1.00E+06,1.02E+09,1.02E+13,1.02E+07,1.00E+11,1.00E+11,1.02E+09,1.02E+13,1.02E+07,1.00E+11,1.00E-03,1.00E+02,1.04E+09,7.25E+06,9.32E+08,6.47E+06,1.02E+10,7.50E+11,1.00E+33,1.00E+38,1.00E-15,1.00E-10,1.00E+30,1.00E+35,1.00E-12,1.00E-07
gigapascal,9.87E+03,1.02E+04,1.00E+22,1.00E+27,1.00E+04,1.00E+10,1.00E+10,1.00E+06,7.50E+05,1.02E+07,7.50E+05,1.00E+11,7.50E+08,1.02E+07,1.02E+08,4.01E+06,1.00E+03,1.00E+08,1.00E+05,1.00E+10,7.50E+07,1.00E+10,1.00E-14,1.00E-09,1.00E+19,1E+024,1E-05,1.00E+00,1.02E+07,1.00E+02,1.00E+07,2.09E+04,1.45E+02,2.09E+07,1.45E+05,1.00E-02,1.00E+03,1.00E+03,7.89E+07,8.32E+07,1.00E+10,1.02E+11,7.50E+09,1.00E+15,1.00E+07,7.50E+06,1.02E+08,7.50E+06,1.00E+12,7.50E+09,1.00E+13,1.00E+18,1.00E+09,1.00E+03,2.32E+06,1.00E+09,4.01E+06,3.11E+09,3.28E+09,2.95E+05,1.00E-11,1.00E-06,1.00E+16,1.00E+21,1.00E+06,4.01E+06,3.11E+09,3.28E+09,2.95E+05,6.72E+08,1.00E+01,1.02E+04,1.02E+08,1.02E+02,1.00E+06,1.00E+06,1.02E+04,1.02E+08,1.02E+02,1.00E+06,1.00E-08,1.00E-03,1.04E+04,7.25E+01,9.32E+03,6.47E+01,1.02E+05,7.50E+06,1.00E+28,1.00E+33,1.00E-20,1.00E-15,1.00E+25,1.00E+30,1.00E-17,1.00E-12
grama-força/centímetro ao quadrado,9.68E-04,1.00E-03,9.81E+14,9.81E+19,9.81E-04,9.81E+02,9.80E+02,9.81E-02,7.36E-02,1.00E+00,7.36E-02,9.81E+03,7.36E+01,1.00E+00,1.00E+01,3.94E-01,9.81E-05,9.81E+00,9.81E-03,9.81E+02,7.36E+00,9.81E+02,9.81E-22,9.81E-17,9.81E+11,9.80664999972957E+016,9.80664999972957E-13,9.80664999972956E-08,1.00E+00,9.81E-06,9.81E-01,2.05E-03,1.42E-05,2.05E+00,1.42E-02,9.81E-10,9.81E-05,9.81E-05,7.74E+00,8.16E+00,9.81E+02,1.00E+04,7.36E+02,9.81E+07,9.81E-01,7.36E-01,1.00E+01,7.36E-01,9.81E+04,7.36E+02,9.81E+05,9.81E+10,9.81E+01,9.81E-05,2.28E-01,9.81E+01,3.94E-01,3.05E+02,3.21E+02,2.90E-02,9.81E-19,9.81E-14,9.81E+08,9.81E+13,9.81E-02,3.94E-01,3.05E+02,3.21E+02,2.90E-02,6.59E+01,9.81E-07,1.00E-03,1.00E+01,1.00E-05,9.81E-02,9.81E-02,1.00E-03,1.00E+01,1.00E-05,9.81E-02,9.81E-16,9.81E-11,1.02E-03,7.11E-06,9.14E-04,6.35E-06,1.00E-02,7.36E-01,9.81E+20,9.81E+25,9.81E-28,9.81E-23,9.81E+17,9.81E+22,9.81E-25,9.81E-20
hectobar,9.87E+01,1.02E+02,1.00E+20,1.00E+25,1.00E+02,1.00E+08,1.00E+08,1.00E+04,7.50E+03,1.02E+05,7.50E+03,1.00E+09,7.50E+06,1.02E+05,1.02E+06,4.01E+04,1.00E+01,1.00E+06,1.00E+03,1.00E+08,7.50E+05,1.00E+08,1.00E-16,1.00E-11,1.00E+17,1E+022,1E-07,0.01,1.02E+05,1.00E+00,1.00E+05,2.09E+02,1.45E+00,2.09E+05,1.45E+03,1.00E-04,1.00E+01,1.00E+01,7.89E+05,8.32E+05,1.00E+08,1.02E+09,7.50E+07,1.00E+13,1.00E+05,7.50E+04,1.02E+06,7.50E+04,1.00E+10,7.50E+07,1.00E+11,1.00E+16,1.00E+07,1.00E+01,2.32E+04,1.00E+07,4.01E+04,3.11E+07,3.28E+07,2.95E+03,1.00E-13,1.00E-08,1.00E+14,1.00E+19,1.00E+04,4.01E+04,3.11E+07,3.28E+07,2.95E+03,6.72E+06,1.00E-01,1.02E+02,1.02E+06,1.02E+00,1.00E+04,1.00E+04,1.02E+02,1.02E+06,1.02E+00,1.00E+04,1.00E-10,1.00E-05,1.04E+02,7.25E-01,9.32E+01,6.47E-01,1.02E+03,7.50E+04,1.00E+26,1.00E+31,1.00E-22,1.00E-17,1.00E+23,1.00E+28,1.00E-19,1.00E-14
hectopascal,9.87E-04,1.02E-03,1.00E+15,1.00E+20,1.00E-03,1.00E+03,1.00E+03,1.00E-01,7.50E-02,1.02E+00,7.50E-02,1.00E+04,7.50E+01,1.02E+00,1.02E+01,4.01E-01,1.00E-04,1.00E+01,1.00E-02,1.00E+03,7.50E+00,1.00E+03,1.00E-21,1.00E-16,1.00E+12,1.00E+17,1.00E-12,1.00E-07,1.02E+00,1.00E-05,1.00E+00,2.09E-03,1.45E-05,2.09E+00,1.45E-02,1.00E-09,1.00E-04,1.00E-04,7.89E+00,8.32E+00,1.00E+03,1.02E+04,7.50E+02,1.00E+08,1.00E+00,7.50E-01,1.02E+01,7.50E-01,1.00E+05,7.50E+02,1.00E+06,1.00E+11,1.00E+02,1.00E-04,2.32E-01,1.00E+02,4.01E-01,3.11E+02,3.28E+02,2.95E-02,1.00E-18,1.00E-13,1.00E+09,1.00E+14,1.00E-01,4.01E-01,3.11E+02,3.28E+02,2.95E-02,6.72E+01,1.00E-06,1.02E-03,1.02E+01,1.02E-05,1.00E-01,1.00E-01,1.02E-03,1.02E+01,1.02E-05,1.00E-01,1.00E-15,1.00E-10,1.04E-03,7.25E-06,9.32E-04,6.47E-06,1.02E-02,7.50E-01,1.00E+21,1.00E+26,1.00E-27,1.00E-22,1.00E+18,1.00E+23,1.00E-24,1.00E-19
kip/pé ao quadrado,4.73E-01,4.88E-01,4.79E+17,4.79E+22,4.79E-01,4.79E+05,4.79E+05,4.79E+01,3.59E+01,4.88E+02,3.59E+01,4.79E+06,3.59E+04,4.88E+02,4.88E+03,1.92E+02,4.79E-02,4.79E+03,4.79E+00,4.79E+05,3.59E+03,4.79E+05,4.79E-19,4.79E-14,4.79E+14,4.79E+19,4.79E-10,4.79E-05,4.88E+02,4.79E-03,4.79E+02,1.00E+00,6.94E-03,1.00E+03,6.94E+00,4.79E-07,4.79E-02,4.79E-02,3.78E+03,3.98E+03,4.79E+05,4.88E+06,3.59E+05,4.79E+10,4.79E+02,3.59E+02,4.88E+03,3.59E+02,4.79E+07,3.59E+05,4.79E+08,4.79E+13,4.79E+04,4.79E-02,1.11E+02,4.79E+04,1.92E+02,1.49E+05,1.57E+05,1.41E+01,4.79E-16,4.79E-11,4.79E+11,4.79E+16,4.79E+01,1.92E+02,1.49E+05,1.57E+05,1.41E+01,3.22E+04,4.79E-04,4.88E-01,4.88E+03,4.88E-03,4.79E+01,4.79E+01,4.88E-01,4.88E+03,4.88E-03,4.79E+01,4.79E-13,4.79E-08,5.00E-01,3.47E-03,4.46E-01,3.10E-03,4.88E+00,3.59E+02,4.79E+23,4.79E+28,4.79E-25,4.79E-20,4.79E+20,4.79E+25,4.79E-22,4.79E-17
kip/polegada ao quadrado,6.80E+01,7.03E+01,6.89E+19,6.89E+24,6.89E+01,6.89E+07,6.89E+07,6.89E+03,5.17E+03,7.03E+04,5.17E+03,6.89E+08,5.17E+06,7.03E+04,7.03E+05,2.77E+04,6.89E+00,6.89E+05,6.89E+02,6.89E+07,5.17E+05,6.89E+07,6.89E-17,6.89E-12,6.89E+16,6.89E+21,6.89E-08,6.89E-03,7.03E+04,6.89E-01,6.89E+04,1.44E+02,1.00E+00,1.44E+05,1.00E+03,6.89E-05,6.89E+00,6.89E+00,5.44E+05,5.74E+05,6.89E+07,7.03E+08,5.17E+07,6.89E+12,6.89E+04,5.17E+04,7.03E+05,5.17E+04,6.89E+09,5.17E+07,6.89E+10,6.89E+15,6.89E+06,6.89E+00,1.60E+04,6.89E+06,2.77E+04,2.14E+07,2.26E+07,2.04E+03,6.89E-14,6.89E-09,6.89E+13,6.89E+18,6.89E+03,2.77E+04,2.14E+07,2.26E+07,2.04E+03,4.63E+06,6.89E-02,7.03E+01,7.03E+05,7.03E-01,6.89E+03,6.89E+03,7.03E+01,7.03E+05,7.03E-01,6.89E+03,6.89E-11,6.89E-06,7.20E+01,5.00E-01,6.43E+01,4.46E-01,7.03E+02,5.17E+04,6.89E+25,6.89E+30,6.89E-23,6.89E-18,6.89E+22,6.89E+27,6.89E-20,6.89E-15
libra/pé ao quadrado,4.73E-04,4.88E-04,4.79E+14,4.79E+19,4.79E-04,4.79E+02,4.79E+02,4.79E-02,3.59E-02,4.88E-01,3.59E-02,4.79E+03,3.59E+01,4.88E-01,4.88E+00,1.92E-01,4.79E-05,4.79E+00,4.79E-03,4.79E+02,3.59E+00,4.79E+02,4.79E-22,4.79E-17,4.79E+11,4.79E+16,4.79E-13,4.79E-08,4.88E-01,4.79E-06,4.79E-01,1.00E-03,6.94E-06,1.00E+00,6.94E-03,4.79E-10,4.79E-05,4.79E-05,3.78E+00,3.98E+00,4.79E+02,4.88E+03,3.59E+02,4.79E+07,4.79E-01,3.59E-01,4.88E+00,3.59E-01,4.79E+04,3.59E+02,4.79E+05,4.79E+10,4.79E+01,4.79E-05,1.11E-01,4.79E+01,1.92E-01,1.49E+02,1.57E+02,1.41E-02,4.79E-19,4.79E-14,4.79E+08,4.79E+13,4.79E-02,1.92E-01,1.49E+02,1.57E+02,1.41E-02,3.22E+01,4.79E-07,4.88E-04,4.88E+00,4.88E-06,4.79E-02,4.79E-02,4.88E-04,4.88E+00,4.88E-06,4.79E-02,4.79E-16,4.79E-11,5.00E-04,3.47E-06,4.46E-04,3.10E-06,4.88E-03,3.59E-01,4.79E+20,4.79E+25,4.79E-28,4.79E-23,4.79E+17,4.79E+22,4.79E-25,4.79E-20
libra/polegada ao quadrado,6.80E-02,7.03E-02,6.89E+16,6.89E+21,6.89E-02,6.89E+04,6.89E+04,6.89E+00,5.17E+00,7.03E+01,5.17E+00,6.89E+05,5.17E+03,7.03E+01,7.03E+02,2.77E+01,6.89E-03,6.89E+02,6.89E-01,6.89E+04,5.17E+02,6.89E+04,6.89E-20,6.89E-15,6.89E+13,6.89E+18,6.89E-11,6.89E-06,7.03E+01,6.89E-04,6.89E+01,1.44E-01,1.00E-03,1.44E+02,1.00E+00,6.89E-08,6.89E-03,6.89E-03,5.44E+02,5.74E+02,6.89E+04,7.03E+05,5.17E+04,6.89E+09,6.89E+01,5.17E+01,7.03E+02,5.17E+01,6.89E+06,5.17E+04,6.89E+07,6.89E+12,6.89E+03,6.89E-03,1.60E+01,6.89E+03,2.77E+01,2.14E+04,2.26E+04,2.04E+00,6.89E-17,6.89E-12,6.89E+10,6.89E+15,6.89E+00,2.77E+01,2.14E+04,2.26E+04,2.04E+00,4.63E+03,6.89E-05,7.03E-02,7.03E+02,7.03E-04,6.89E+00,6.89E+00,7.03E-02,7.03E+02,7.03E-04,6.89E+00,6.89E-14,6.89E-09,7.20E-02,5.00E-04,6.43E-02,4.46E-04,7.03E-01,5.17E+01,6.89E+22,6.89E+27,6.89E-26,6.89E-21,6.89E+19,6.89E+24,6.89E-23,6.89E-18
megabar,9.87E+05,1.02E+06,1.00E+24,1.00E+29,1.00E+06,1.00E+12,1.00E+12,1.00E+08,7.50E+07,1.02E+09,7.50E+07,1.00E+13,7.50E+10,1.02E+09,1.02E+10,4.01E+08,1.00E+05,1.00E+10,1.00E+07,1.00E+12,7.50E+09,1.00E+12,1.00E-12,1.00E-07,1.00E+21,1.00E+26,1.00E-03,1.00E+02,1.02E+09,1.00E+04,1.00E+09,2.09E+06,1.45E+04,2.09E+09,1.45E+07,1.00E+00,1.00E+05,1.00E+05,7.89E+09,8.32E+09,1.00E+12,1.02E+13,7.50E+11,1.00E+17,1.00E+09,7.50E+08,1.02E+10,7.50E+08,1.00E+14,7.50E+11,1.00E+15,1.00E+20,1.00E+11,1.00E+05,2.32E+08,1.00E+11,4.01E+08,3.11E+11,3.28E+11,2.95E+07,1.00E-09,1.00E-04,1.00E+18,1.00E+23,1.00E+08,4.01E+08,3.11E+11,3.28E+11,2.95E+07,6.72E+10,1.00E+03,1.02E+06,1.02E+10,1.02E+04,1.00E+08,1.00E+08,1.02E+06,1.02E+10,1.02E+04,1.00E+08,1.00E-06,1.00E-01,1.04E+06,7.25E+03,9.32E+05,6.47E+03,1.02E+07,7.50E+08,1.00E+30,1.00E+35,1.00E-18,1.00E-13,1.00E+27,1.00E+32,1.00E-15,1.00E-10
meganewton/metro ao quadrado,9.87E+00,1.02E+01,1.00E+19,1.00E+24,1.00E+01,1.00E+07,1.00E+07,1.00E+03,7.50E+02,1.02E+04,7.50E+02,1.00E+08,7.50E+05,1.02E+04,1.02E+05,4.01E+03,1.00E+00,1.00E+05,1.00E+02,1.00E+07,7.50E+04,1.00E+07,1.00E-17,1.00E-12,1.00E+16,1.00E+21,1.00E-08,1.00E-03,1.02E+04,1.00E-01,1.00E+04,2.09E+01,1.45E-01,2.09E+04,1.45E+02,1.00E-05,1.00E+00,1.00E+00,7.89E+04,8.32E+04,1.00E+07,1.02E+08,7.50E+06,1.00E+12,1.00E+04,7.50E+03,1.02E+05,7.50E+03,1.00E+09,7.50E+06,1.00E+10,1.00E+15,1.00E+06,1.00E+00,2.32E+03,1.00E+06,4.01E+03,3.11E+06,3.28E+06,2.95E+02,1.00E-14,1.00E-09,1.00E+13,1.00E+18,1.00E+03,4.01E+03,3.11E+06,3.28E+06,2.95E+02,6.72E+05,1.00E-02,1.02E+01,1.02E+05,1.02E-01,1.00E+03,1.00E+03,1.02E+01,1.02E+05,1.02E-01,1.00E+03,1.00E-11,1.00E-06,1.04E+01,7.25E-02,9.32E+00,6.47E-02,1.02E+02,7.50E+03,1.00E+25,1.00E+30,1.00E-23,1.00E-18,1.00E+22,1.00E+27,1.00E-20,1.00E-15
megapascal,9.87E+00,1.02E+01,1.00E+19,1.00E+24,1.00E+01,1.00E+07,1.00E+07,1.00E+03,7.50E+02,1.02E+04,7.50E+02,1.00E+08,7.50E+05,1.02E+04,1.02E+05,4.01E+03,1.00E+00,1.00E+05,1.00E+02,1.00E+07,7.50E+04,1.00E+07,1.00E-17,1.00E-12,1.00E+16,1.00E+21,1.00E-08,1.00E-03,1.02E+04,1.00E-01,1.00E+04,2.09E+01,1.45E-01,2.09E+04,1.45E+02,1.00E-05,1.00E+00,1.00E+00,7.89E+04,8.32E+04,1.00E+07,1.02E+08,7.50E+06,1.00E+12,1.00E+04,7.50E+03,1.02E+05,7.50E+03,1.00E+09,7.50E+06,1.00E+10,1.00E+15,1.00E+06,1.00E+00,2.32E+03,1.00E+06,4.01E+03,3.11E+06,3.28E+06,2.95E+02,1.00E-14,1.00E-09,1.00E+13,1.00E+18,1.00E+03,4.01E+03,3.11E+06,3.28E+06,2.95E+02,6.72E+05,1.00E-02,1.02E+01,1.02E+05,1.02E-01,1.00E+03,1.00E+03,1.02E+01,1.02E+05,1.02E-01,1.00E+03,1.00E-11,1.00E-06,1.04E+01,7.25E-02,9.32E+00,6.47E-02,1.02E+02,7.50E+03,1.00E+25,1.00E+30,1.00E-23,1.00E-18,1.00E+22,1.00E+27,1.00E-20,1.00E-15
metro de ar [0 ˚C],1.25E-04,1.29E-04,1.27E+14,1.27E+19,1.27E-04,1.27E+02,1.27E+02,1.27E-02,9.51E-03,1.29E-01,9.51E-03,1.27E+03,9.51E+00,1.29E-01,1.29E+00,5.09E-02,1.27E-05,1.27E+00,1.27E-03,1.27E+02,9.51E-01,1.27E+02,1.27E-22,1.27E-17,1.27E+11,1.27E+16,1.27E-13,1.27E-08,1.29E-01,1.27E-06,1.27E-01,2.65E-04,1.84E-06,2.65E-01,1.84E-03,1.27E-10,1.27E-05,1.27E-05,1.00E+00,1.06E+00,1.27E+02,1.29E+03,9.51E+01,1.27E+07,1.27E-01,9.51E-02,1.29E+00,9.51E-02,1.27E+04,9.51E+01,1.27E+05,1.27E+10,1.27E+01,1.27E-05,2.94E-02,1.27E+01,5.09E-02,3.94E+01,4.15E+01,3.74E-03,1.27E-19,1.27E-14,1.27E+08,1.27E+13,1.27E-02,5.09E-02,3.94E+01,4.15E+01,3.74E-03,8.52E+00,1.27E-07,1.29E-04,1.29E+00,1.29E-06,1.27E-02,1.27E-02,1.29E-04,1.29E+00,1.29E-06,1.27E-02,1.27E-16,1.27E-11,1.32E-04,9.19E-07,1.18E-04,8.21E-07,1.29E-03,9.51E-02,1.27E+20,1.27E+25,1.27E-28,1.27E-23,1.27E+17,1.27E+22,1.27E-25,1.27E-20
metro de ar [15 ˚C],1.19E-04,1.23E-04,1.20E+14,1.20E+19,1.20E-04,1.20E+02,1.20E+02,1.20E-02,9.01E-03,1.23E-01,9.01E-03,1.20E+03,9.01E+00,1.23E-01,1.23E+00,4.82E-02,1.20E-05,1.20E+00,1.20E-03,1.20E+02,9.01E-01,1.20E+02,1.20E-22,1.20E-17,1.20E+11,1.20E+16,1.20E-13,1.20E-08,1.23E-01,1.20E-06,1.20E-01,2.51E-04,1.74E-06,2.51E-01,1.74E-03,1.20E-10,1.20E-05,1.20E-05,9.48E-01,1.00E+00,1.20E+02,1.23E+03,9.01E+01,1.20E+07,1.20E-01,9.01E-02,1.23E+00,9.01E-02,1.20E+04,9.01E+01,1.20E+05,1.20E+10,1.20E+01,1.20E-05,2.79E-02,1.20E+01,4.82E-02,3.73E+01,3.94E+01,3.55E-03,1.20E-19,1.20E-14,1.20E+08,1.20E+13,1.20E-02,4.82E-02,3.73E+01,3.94E+01,3.55E-03,8.07E+00,1.20E-07,1.23E-04,1.23E+00,1.23E-06,1.20E-02,1.20E-02,1.23E-04,1.23E+00,1.23E-06,1.20E-02,1.20E-16,1.20E-11,1.25E-04,8.71E-07,1.12E-04,7.78E-07,1.23E-03,9.01E-02,1.20E+20,1.20E+25,1.20E-28,1.20E-23,1.20E+17,1.20E+22,1.20E-25,1.20E-20
microbar,9.87E-07,1.02E-06,1.00E+12,1.00E+17,1.00E-06,1.00E+00,1.00E+00,1.00E-04,7.50E-05,1.02E-03,7.50E-05,1.00E+01,7.50E-02,1.02E-03,1.02E-02,4.01E-04,1.00E-07,1.00E-02,1.00E-05,1.00E+00,7.50E-03,1.00E+00,1.00E-24,1.00E-19,1.00E+09,1.00E+14,1.00E-15,1.00E-10,1.02E-03,1.00E-08,1.00E-03,2.09E-06,1.45E-08,2.09E-03,1.45E-05,1.00E-12,1.00E-07,1.00E-07,7.89E-03,8.32E-03,1.00E+00,1.02E+01,7.50E-01,1.00E+05,1.00E-03,7.50E-04,1.02E-02,7.50E-04,1.00E+02,7.50E-01,1.00E+03,1.00E+08,1.00E-01,1.00E-07,2.32E-04,1.00E-01,4.01E-04,3.11E-01,3.28E-01,2.95E-05,1.00E-21,1.00E-16,1.00E+06,1.00E+11,1.00E-04,4.01E-04,3.11E-01,3.28E-01,2.95E-05,6.72E-02,1.00E-09,1.02E-06,1.02E-02,1.02E-08,1.00E-04,1.00E-04,1.02E-06,1.02E-02,1.02E-08,1.00E-04,1.00E-18,1.00E-13,1.04E-06,7.25E-09,9.32E-07,6.47E-09,1.02E-05,7.50E-04,1.00E+18,1.00E+23,1.00E-30,1.00E-25,1.00E+15,1.00E+20,1.00E-27,1.00E-22
micrômetro de água [4 ˚C],9.68E-08,1.00E-07,9.81E+10,9.81E+15,9.81E-08,9.81E-02,9.80E-02,9.81E-06,7.36E-06,1.00E-04,7.36E-06,9.81E-01,7.36E-03,1.00E-04,1.00E-03,3.94E-05,9.81E-09,9.81E-04,9.81E-07,9.81E-02,7.36E-04,9.81E-02,9.81E-26,9.81E-21,9.81E+07,9.81E+12,9.81E-17,9.81E-12,1.00E-04,9.81E-10,9.81E-05,2.05E-07,1.42E-09,2.05E-04,1.42E-06,9.81E-14,9.81E-09,9.81E-09,7.74E-04,8.16E-04,9.81E-02,1.00E+00,7.36E-02,9.81E+03,9.81E-05,7.36E-05,1.00E-03,7.36E-05,9.81E+00,7.36E-02,9.81E+01,9.81E+06,9.81E-03,9.81E-09,2.28E-05,9.81E-03,3.94E-05,3.05E-02,3.21E-02,2.90E-06,9.81E-23,9.81E-18,9.81E+04,9.81E+09,9.81E-06,3.94E-05,3.05E-02,3.21E-02,2.90E-06,6.59E-03,9.81E-11,1.00E-07,1.00E-03,1.00E-09,9.81E-06,9.81E-06,1.00E-07,1.00E-03,1.00E-09,9.81E-06,9.81E-20,9.81E-15,1.02E-07,7.11E-10,9.14E-08,6.35E-10,1.00E-06,7.36E-05,9.81E+16,9.81E+21,9.81E-32,9.81E-27,9.81E+13,9.81E+18,9.81E-29,9.81E-24
micrômetro de mercúrio [0 ˚C],1.32E-06,1.36E-06,1.33E+12,1.33E+17,1.33E-06,1.33E+00,1.33E+00,1.33E-04,1.00E-04,1.36E-03,1.00E-04,1.33E+01,1.00E-01,1.36E-03,1.36E-02,5.35E-04,1.33E-07,1.33E-02,1.33E-05,1.33E+00,1.00E-02,1.33E+00,1.33E-24,1.33E-19,1.33E+09,1.33E+14,1.33E-15,1.33E-10,1.36E-03,1.33E-08,1.33E-03,2.78E-06,1.93E-08,2.78E-03,1.93E-05,1.33E-12,1.33E-07,1.33E-07,1.05E-02,1.11E-02,1.33E+00,1.36E+01,1.00E+00,1.33E+05,1.33E-03,1.00E-03,1.36E-02,1.00E-03,1.33E+02,1.00E+00,1.33E+03,1.33E+08,1.33E-01,1.33E-07,3.09E-04,1.33E-01,5.35E-04,4.14E-01,4.37E-01,3.94E-05,1.33E-21,1.33E-16,1.33E+06,1.33E+11,1.33E-04,5.35E-04,4.14E-01,4.37E-01,3.94E-05,8.96E-02,1.33E-09,1.36E-06,1.36E-02,1.36E-08,1.33E-04,1.33E-04,1.36E-06,1.36E-02,1.36E-08,1.33E-04,1.33E-18,1.33E-13,1.39E-06,9.67E-09,1.24E-06,8.63E-09,1.36E-05,1.00E-03,1.33E+18,1.33E+23,1.33E-30,1.33E-25,1.33E+15,1.33E+20,1.33E-27,1.33E-22
micropascal,9.87E-12,1.02E-11,1.00E+07,1.00E+12,1.00E-11,1.00E-05,1.00E-05,1.00E-09,7.50E-10,1.02E-08,7.50E-10,1.00E-04,7.50E-07,1.02E-08,1.02E-07,4.01E-09,1.00E-12,1.00E-07,1.00E-10,1.00E-05,7.50E-08,1.00E-05,1.00E-29,1.00E-24,1.00E+04,1.00E+09,1.00E-20,1.00E-15,1.02E-08,1.00E-13,1.00E-08,2.09E-11,1.45E-13,2.09E-08,1.45E-10,1.00E-17,1.00E-12,1.00E-12,7.89E-08,8.32E-08,1.00E-05,1.02E-04,7.50E-06,1.00E+00,1.00E-08,7.50E-09,1.02E-07,7.50E-09,1.00E-03,7.50E-06,1.00E-02,1.00E+03,1.00E-06,1.00E-12,2.32E-09,1.00E-06,4.01E-09,3.11E-06,3.28E-06,2.95E-10,1.00E-26,1.00E-21,1.00E+01,1.00E+06,1.00E-09,4.01E-09,3.11E-06,3.28E-06,2.95E-10,6.72E-07,1.00E-14,1.02E-11,1.02E-07,1.02E-13,1.00E-09,1.00E-09,1.02E-11,1.02E-07,1.02E-13,1.00E-09,1.00E-23,1.00E-18,1.04E-11,7.25E-14,9.32E-12,6.47E-14,1.02E-10,7.50E-09,1.00E+13,1.00E+18,1.00E-35,1.00E-30,1.00E+10,1.00E+15,1.00E-32,1.00E-27
milibar,9.87E-04,1.02E-03,1.00E+15,1.00E+20,1.00E-03,1.00E+03,1.00E+03,1.00E-01,7.50E-02,1.02E+00,7.50E-02,1.00E+04,7.50E+01,1.02E+00,1.02E+01,4.01E-01,1.00E-04,1.00E+01,1.00E-02,1.00E+03,7.50E+00,1.00E+03,1.00E-21,1.00E-16,1.00E+12,1.00E+17,1.00E-12,1.00E-07,1.02E+00,1.00E-05,1.00E+00,2.09E-03,1.45E-05,2.09E+00,1.45E-02,1.00E-09,1.00E-04,1.00E-04,7.89E+00,8.32E+00,1.00E+03,1.02E+04,7.50E+02,1.00E+08,1.00E+00,7.50E-01,1.02E+01,7.50E-01,1.00E+05,7.50E+02,1.00E+06,1.00E+11,1.00E+02,1.00E-04,2.32E-01,1.00E+02,4.01E-01,3.11E+02,3.28E+02,2.95E-02,1.00E-18,1.00E-13,1.00E+09,1.00E+14,1.00E-01,4.01E-01,3.11E+02,3.28E+02,2.95E-02,6.72E+01,1.00E-06,1.02E-03,1.02E+01,1.02E-05,1.00E-01,1.00E-01,1.02E-03,1.02E+01,1.02E-05,1.00E-01,1.00E-15,1.00E-10,1.04E-03,7.25E-06,9.32E-04,6.47E-06,1.02E-02,7.50E-01,1.00E+21,1.00E+26,1.00E-27,1.00E-22,1.00E+18,1.00E+23,1.00E-24,1.00E-19
milihg,1.32E-03,1.36E-03,1.33E+15,1.33E+20,1.33E-03,1.33E+03,1.33E+03,1.33E-01,1.00E-01,1.36E+00,1.00E-01,1.33E+04,1.00E+02,1.36E+00,1.36E+01,5.35E-01,1.33E-04,1.33E+01,1.33E-02,1.33E+03,1.00E+01,1.33E+03,1.33E-21,1.33E-16,1.33E+12,1.33E+17,1.33E-12,1.33E-07,1.36E+00,1.33E-05,1.33E+00,2.78E-03,1.93E-05,2.78E+00,1.93E-02,1.33E-09,1.33E-04,1.33E-04,1.05E+01,1.11E+01,1.33E+03,1.36E+04,1.00E+03,1.33E+08,1.33E+00,1.00E+00,1.36E+01,1.00E+00,1.33E+05,1.00E+03,1.33E+06,1.33E+11,1.33E+02,1.33E-04,3.09E-01,1.33E+02,5.35E-01,4.14E+02,4.37E+02,3.94E-02,1.33E-18,1.33E-13,1.33E+09,1.33E+14,1.33E-01,5.35E-01,4.14E+02,4.37E+02,3.94E-02,8.96E+01,1.33E-06,1.36E-03,1.36E+01,1.36E-05,1.33E-01,1.33E-01,1.36E-03,1.36E+01,1.36E-05,1.33E-01,1.33E-15,1.33E-10,1.39E-03,9.67E-06,1.24E-03,8.63E-06,1.36E-02,1.00E+00,1.33E+21,1.33E+26,1.33E-27,1.33E-22,1.33E+18,1.33E+23,1.33E-24,1.33E-19
milímetro de água [4 ˚C],9.68E-05,1.00E-04,9.81E+13,9.81E+18,9.81E-05,9.81E+01,9.80E+01,9.81E-03,7.36E-03,1.00E-01,7.36E-03,9.81E+02,7.36E+00,1.00E-01,1.00E+00,3.94E-02,9.81E-06,9.81E-01,9.81E-04,9.81E+01,7.36E-01,9.81E+01,9.81E-23,9.81E-18,9.81E+10,9.81E+15,9.81E-14,9.81E-09,1.00E-01,9.81E-07,9.81E-02,2.05E-04,1.42E-06,2.05E-01,1.42E-03,9.81E-11,9.81E-06,9.81E-06,7.74E-01,8.16E-01,9.81E+01,1.00E+03,7.36E+01,9.81E+06,9.81E-02,7.36E-02,1.00E+00,7.36E-02,9.81E+03,7.36E+01,9.81E+04,9.81E+09,9.81E+00,9.81E-06,2.28E-02,9.81E+00,3.94E-02,3.05E+01,3.21E+01,2.90E-03,9.81E-20,9.81E-15,9.81E+07,9.81E+12,9.81E-03,3.94E-02,3.05E+01,3.21E+01,2.90E-03,6.59E+00,9.81E-08,1.00E-04,1.00E+00,1.00E-06,9.81E-03,9.81E-03,1.00E-04,1.00E+00,1.00E-06,9.81E-03,9.81E-17,9.81E-12,1.02E-04,7.11E-07,9.14E-05,6.35E-07,1.00E-03,7.36E-02,9.81E+19,9.81E+24,9.81E-29,9.81E-24,9.81E+16,9.81E+21,9.81E-26,9.81E-21
milímetro de mercúrio [0 ˚C],1.32E-03,1.36E-03,1.33E+15,1.33E+20,1.33E-03,1.33E+03,1.33E+03,1.33E-01,1.00E-01,1.36E+00,1.00E-01,1.33E+04,1.00E+02,1.36E+00,1.36E+01,5.35E-01,1.33E-04,1.33E+01,1.33E-02,1.33E+03,1.00E+01,1.33E+03,1.33E-21,1.33E-16,1.33E+12,1.33E+17,1.33E-12,1.33E-07,1.36E+00,1.33E-05,1.33E+00,2.78E-03,1.93E-05,2.78E+00,1.93E-02,1.33E-09,1.33E-04,1.33E-04,1.05E+01,1.11E+01,1.33E+03,1.36E+04,1.00E+03,1.33E+08,1.33E+00,1.00E+00,1.36E+01,1.00E+00,1.33E+05,1.00E+03,1.33E+06,1.33E+11,1.33E+02,1.33E-04,3.09E-01,1.33E+02,5.35E-01,4.14E+02,4.37E+02,3.94E-02,1.33E-18,1.33E-13,1.33E+09,1.33E+14,1.33E-01,5.35E-01,4.14E+02,4.37E+02,3.94E-02,8.96E+01,1.33E-06,1.36E-03,1.36E+01,1.36E-05,1.33E-01,1.33E-01,1.36E-03,1.36E+01,1.36E-05,1.33E-01,1.33E-15,1.33E-10,1.39E-03,9.67E-06,1.24E-03,8.63E-06,1.36E-02,1.00E+00,1.33E+21,1.33E+26,1.33E-27,1.33E-22,1.33E+18,1.33E+23,1.33E-24,1.33E-19
milipascal,9.87E-09,1.02E-08,1.00E+10,1.00E+15,1.00E-08,1.00E-02,1.00E-02,1.00E-06,7.50E-07,1.02E-05,7.50E-07,1.00E-01,7.50E-04,1.02E-05,1.02E-04,4.01E-06,1.00E-09,1.00E-04,1.00E-07,1.00E-02,7.50E-05,1.00E-02,1.00E-26,1.00E-21,1.00E+07,1.00E+12,1.00E-17,1.00E-12,1.02E-05,1.00E-10,1.00E-05,2.09E-08,1.45E-10,2.09E-05,1.45E-07,1.00E-14,1.00E-09,1.00E-09,7.89E-05,8.32E-05,1.00E-02,1.02E-01,7.50E-03,1.00E+03,1.00E-05,7.50E-06,1.02E-04,7.50E-06,1.00E+00,7.50E-03,1.00E+01,1.00E+06,1.00E-03,1.00E-09,2.32E-06,1.00E-03,4.01E-06,3.11E-03,3.28E-03,2.95E-07,1.00E-23,1.00E-18,1.00E+04,1.00E+09,1.00E-06,4.01E-06,3.11E-03,3.28E-03,2.95E-07,6.72E-04,1.00E-11,1.02E-08,1.02E-04,1.02E-10,1.00E-06,1.00E-06,1.02E-08,1.02E-04,1.02E-10,1.00E-06,1.00E-20,1.00E-15,1.04E-08,7.25E-11,9.32E-09,6.47E-11,1.02E-07,7.50E-06,1.00E+16,1.00E+21,1.00E-32,1.00E-27,1.00E+13,1.00E+18,1.00E-29,1.00E-24
militorr,1.32E-06,1.36E-06,1.33E+12,1.33E+17,1.33E-06,1.33E+00,1.33E+00,1.33E-04,1.00E-04,1.36E-03,1.00E-04,1.33E+01,1.00E-01,1.36E-03,1.36E-02,5.35E-04,1.33E-07,1.33E-02,1.33E-05,1.33E+00,1.00E-02,1.33E+00,1.33E-24,1.33E-19,1.33E+09,1.33E+14,1.33E-15,1.33E-10,1.36E-03,1.33E-08,1.33E-03,2.78E-06,1.93E-08,2.78E-03,1.93E-05,1.33E-12,1.33E-07,1.33E-07,1.05E-02,1.11E-02,1.33E+00,1.36E+01,1.00E+00,1.33E+05,1.33E-03,1.00E-03,1.36E-02,1.00E-03,1.33E+02,1.00E+00,1.33E+03,1.33E+08,1.33E-01,1.33E-07,3.09E-04,1.33E-01,5.35E-04,4.14E-01,4.37E-01,3.94E-05,1.33E-21,1.33E-16,1.33E+06,1.33E+11,1.33E-04,5.35E-04,4.14E-01,4.37E-01,3.94E-05,8.96E-02,1.33E-09,1.36E-06,1.36E-02,1.36E-08,1.33E-04,1.33E-04,1.36E-06,1.36E-02,1.36E-08,1.33E-04,1.33E-18,1.33E-13,1.39E-06,9.67E-09,1.24E-06,8.63E-09,1.36E-05,1.00E-03,1.33E+18,1.33E+23,1.33E-30,1.33E-25,1.33E+15,1.33E+20,1.33E-27,1.33E-22
nanobar,9.87E-10,1.02E-09,1.00E+09,1.00E+14,1.00E-09,1.00E-03,1.00E-03,1.00E-07,7.50E-08,1.02E-06,7.50E-08,1.00E-02,7.50E-05,1.02E-06,1.02E-05,4.01E-07,1.00E-10,1.00E-05,1.00E-08,1.00E-03,7.50E-06,1.00E-03,1.00E-27,1.00E-22,1.00E+06,1.00E+11,1.00E-18,1.00E-13,1.02E-06,1.00E-11,1.00E-06,2.09E-09,1.45E-11,2.09E-06,1.45E-08,1.00E-15,1.00E-10,1.00E-10,7.89E-06,8.32E-06,1.00E-03,1.02E-02,7.50E-04,1.00E+02,1.00E-06,7.50E-07,1.02E-05,7.50E-07,1.00E-01,7.50E-04,1.00E+00,1.00E+05,1.00E-04,1.00E-10,2.32E-07,1.00E-04,4.01E-07,3.11E-04,3.28E-04,2.95E-08,1.00E-24,1.00E-19,1.00E+03,1.00E+08,1.00E-07,4.01E-07,3.11E-04,3.28E-04,2.95E-08,6.72E-05,1.00E-12,1.02E-09,1.02E-05,1.02E-11,1.00E-07,1.00E-07,1.02E-09,1.02E-05,1.02E-11,1.00E-07,1.00E-21,1.00E-16,1.04E-09,7.25E-12,9.32E-10,6.47E-12,1.02E-08,7.50E-07,1.00E+15,1.00E+20,1.00E-33,1.00E-28,1.00E+12,1.00E+17,1.00E-30,1.00E-25
nanopascal,9.87E-15,1.02E-14,1.00E+04,1.00E+09,1.00E-14,1.00E-08,1.00E-08,1.00E-12,7.50E-13,1.02E-11,7.50E-13,1.00E-07,7.50E-10,1.02E-11,1.02E-10,4.01E-12,1.00E-15,1.00E-10,1.00E-13,1.00E-08,7.50E-11,1.00E-08,1.00E-32,1.00E-27,1.00E+01,1.00E+06,1.00E-23,1.00E-18,1.02E-11,1.00E-16,1.00E-11,2.09E-14,1.45E-16,2.09E-11,1.45E-13,1.00E-20,1.00E-15,1.00E-15,7.89E-11,8.32E-11,1.00E-08,1.02E-07,7.50E-09,1.00E-03,1.00E-11,7.50E-12,1.02E-10,7.50E-12,1.00E-06,7.50E-09,1.00E-05,1.00E+00,1.00E-09,1.00E-15,2.32E-12,1.00E-09,4.01E-12,3.11E-09,3.28E-09,2.95E-13,1.00E-29,1.00E-24,1.00E-02,1.00E+03,1.00E-12,4.01E-12,3.11E-09,3.28E-09,2.95E-13,6.72E-10,1.00E-17,1.02E-14,1.02E-10,1.02E-16,1.00E-12,1.00E-12,1.02E-14,1.02E-10,1.02E-16,1.00E-12,1.00E-26,1.00E-21,1.04E-14,7.25E-17,9.32E-15,6.47E-17,1.02E-13,7.50E-12,1.00E+10,1.00E+15,1.00E-38,1.00E-33,1.00E+07,1.00E+12,1.00E-35,1.00E-30
newton/metro ao quadrado,9.87E-06,1.02E-05,1.00E+13,1.00E+18,1.00E-05,1.00E+01,1.00E+01,1.00E-03,7.50E-04,1.02E-02,7.50E-04,1.00E+02,7.50E-01,1.02E-02,1.02E-01,4.01E-03,1.00E-06,1.00E-01,1.00E-04,1.00E+01,7.50E-02,1.00E+01,1.00E-23,1.00E-18,1.00E+10,1.00E+15,1.00E-14,1.00E-09,1.02E-02,1.00E-07,1.00E-02,2.09E-05,1.45E-07,2.09E-02,1.45E-04,1.00E-11,1.00E-06,1.00E-06,7.89E-02,8.32E-02,1.00E+01,1.02E+02,7.50E+00,1.00E+06,1.00E-02,7.50E-03,1.02E-01,7.50E-03,1.00E+03,7.50E+00,1.00E+04,1.00E+09,1.00E+00,1.00E-06,2.32E-03,1.00E+00,4.01E-03,3.11E+00,3.28E+00,2.95E-04,1.00E-20,1.00E-15,1.00E+07,1.00E+12,1.00E-03,4.01E-03,3.11E+00,3.28E+00,2.95E-04,6.72E-01,1.00E-08,1.02E-05,1.02E-01,1.02E-07,1.00E-03,1.00E-03,1.02E-05,1.02E-01,1.02E-07,1.00E-03,1.00E-17,1.00E-12,1.04E-05,7.25E-08,9.32E-06,6.47E-08,1.02E-04,7.50E-03,1.00E+19,1.00E+24,1.00E-29,1.00E-24,1.00E+16,1.00E+21,1.00E-26,1.00E-21
newton/milímetro ao quadrado,9.87E+00,1.02E+01,1.00E+19,1.00E+24,1.00E+01,1.00E+07,1.00E+07,1.00E+03,7.50E+02,1.02E+04,7.50E+02,1.00E+08,7.50E+05,1.02E+04,1.02E+05,4.01E+03,1.00E+00,1.00E+05,1.00E+02,1.00E+07,7.50E+04,1.00E+07,1.00E-17,1.00E-12,1.00E+16,1.00E+21,1.00E-08,1.00E-03,1.02E+04,1.00E-01,1.00E+04,2.09E+01,1.45E-01,2.09E+04,1.45E+02,1.00E-05,1.00E+00,1.00E+00,7.89E+04,8.32E+04,1.00E+07,1.02E+08,7.50E+06,1.00E+12,1.00E+04,7.50E+03,1.02E+05,7.50E+03,1.00E+09,7.50E+06,1.00E+10,1.00E+15,1.00E+06,1.00E+00,2.32E+03,1.00E+06,4.01E+03,3.11E+06,3.28E+06,2.95E+02,1.00E-14,1.00E-09,1.00E+13,1.00E+18,1.00E+03,4.01E+03,3.11E+06,3.28E+06,2.95E+02,6.72E+05,1.00E-02,1.02E+01,1.02E+05,1.02E-01,1.00E+03,1.00E+03,1.02E+01,1.02E+05,1.02E-01,1.00E+03,1.00E-11,1.00E-06,1.04E+01,7.25E-02,9.32E+00,6.47E-02,1.02E+02,7.50E+03,1.00E+25,1.00E+30,1.00E-23,1.00E-18,1.00E+22,1.00E+27,1.00E-20,1.00E-15
onça/polegada ao quadrado,4.25E-03,4.39E-03,4.31E+15,4.31E+20,4.31E-03,4.31E+03,4.31E+03,4.31E-01,3.23E-01,4.39E+00,3.23E-01,4.31E+04,3.23E+02,4.39E+00,4.39E+01,1.73E+00,4.31E-04,4.31E+01,4.31E-02,4.31E+03,3.23E+01,4.31E+03,4.31E-21,4.31E-16,4.31E+12,4.31E+17,4.31E-12,4.31E-07,4.39E+00,4.31E-05,4.31E+00,9.00E-03,6.25E-05,9.00E+00,6.25E-02,4.31E-09,4.31E-04,4.31E-04,3.40E+01,3.59E+01,4.31E+03,4.39E+04,3.23E+03,4.31E+08,4.31E+00,3.23E+00,4.39E+01,3.23E+00,4.31E+05,3.23E+03,4.31E+06,4.31E+11,4.31E+02,4.31E-04,1.00E+00,4.31E+02,1.73E+00,1.34E+03,1.41E+03,1.27E-01,4.31E-18,4.31E-13,4.31E+09,4.31E+14,4.31E-01,1.73E+00,1.34E+03,1.41E+03,1.27E-01,2.90E+02,4.31E-06,4.39E-03,4.39E+01,4.39E-05,4.31E-01,4.31E-01,4.39E-03,4.39E+01,4.39E-05,4.31E-01,4.31E-15,4.31E-10,4.50E-03,3.13E-05,4.02E-03,2.79E-05,4.39E-02,3.23E+00,4.31E+21,4.31E+26,4.31E-27,4.31E-22,4.31E+18,4.31E+23,4.31E-24,4.31E-19
pascal,9.87E-06,1.02E-05,1.00E+13,1.00E+18,1.00E-05,1.00E+01,1.00E+01,1.00E-03,7.50E-04,1.02E-02,7.50E-04,1.00E+02,7.50E-01,1.02E-02,1.02E-01,4.01E-03,1.00E-06,1.00E-01,1.00E-04,1.00E+01,7.50E-02,1.00E+01,1.00E-23,1.00E-18,1.00E+10,1.00E+15,1.00E-14,1.00E-09,1.02E-02,1.00E-07,1.00E-02,2.09E-05,1.45E-07,2.09E-02,1.45E-04,1.00E-11,1.00E-06,1.00E-06,7.89E-02,8.32E-02,1.00E+01,1.02E+02,7.50E+00,1.00E+06,1.00E-02,7.50E-03,1.02E-01,7.50E-03,1.00E+03,7.50E+00,1.00E+04,1.00E+09,1.00E+00,1.00E-06,2.32E-03,1.00E+00,4.01E-03,3.11E+00,3.28E+00,2.95E-04,1.00E-20,1.00E-15,1.00E+07,1.00E+12,1.00E-03,4.01E-03,3.11E+00,3.28E+00,2.95E-04,6.72E-01,1.00E-08,1.02E-05,1.02E-01,1.02E-07,1.00E-03,1.00E-03,1.02E-05,1.02E-01,1.02E-07,1.00E-03,1.00E-17,1.00E-12,1.04E-05,7.25E-08,9.32E-06,6.47E-08,1.02E-04,7.50E-03,1.00E+19,1.00E+24,1.00E-29,1.00E-24,1.00E+16,1.00E+21,1.00E-26,1.00E-21
pé de água [4 ˚C],2.46E-03,2.54E-03,2.49E+15,2.49E+20,2.49E-03,2.49E+03,2.49E+03,2.49E-01,1.87E-01,2.54E+00,1.87E-01,2.49E+04,1.87E+02,2.54E+00,2.54E+01,1.00E+00,2.49E-04,2.49E+01,2.49E-02,2.49E+03,1.87E+01,2.49E+03,2.49E-21,2.49E-16,2.49E+12,2.49E+17,2.49E-12,2.49E-07,2.54E+00,2.49E-05,2.49E+00,5.20E-03,3.61E-05,5.20E+00,3.61E-02,2.49E-09,2.49E-04,2.49E-04,1.96E+01,2.07E+01,2.49E+03,2.54E+04,1.87E+03,2.49E+08,2.49E+00,1.87E+00,2.54E+01,1.87E+00,2.49E+05,1.87E+03,2.49E+06,2.49E+11,2.49E+02,2.49E-04,5.78E-01,2.49E+02,1.00E+00,7.74E+02,8.16E+02,7.36E-02,2.49E-18,2.49E-13,2.49E+09,2.49E+14,2.49E-01,1.00E+00,7.74E+02,8.16E+02,7.36E-02,1.67E+02,2.49E-06,2.54E-03,2.54E+01,2.54E-05,2.49E-01,2.49E-01,2.54E-03,2.54E+01,2.54E-05,2.49E-01,2.49E-15,2.49E-10,2.60E-03,1.81E-05,2.32E-03,1.61E-05,2.54E-02,1.87E+00,2.49E+21,2.49E+26,2.49E-27,2.49E-22,2.49E+18,2.49E+23,2.49E-24,2.49E-19
pé de ar [0 ˚C],3.18E-06,3.28E-06,3.22E+12,3.22E+17,3.22E-06,3.22E+00,3.22E+00,3.22E-04,2.42E-04,3.28E-03,2.42E-04,3.22E+01,2.42E-01,3.28E-03,3.28E-02,1.29E-03,3.22E-07,3.22E-02,3.22E-05,3.22E+00,2.42E-02,3.22E+00,3.22E-24,3.22E-19,3.22E+09,3.22E+14,3.22E-15,3.22E-10,3.28E-03,3.22E-08,3.22E-03,6.73E-06,4.67E-08,6.73E-03,4.67E-05,3.22E-12,3.22E-07,3.22E-07,2.54E-02,2.68E-02,3.22E+00,3.28E+01,2.42E+00,3.22E+05,3.22E-03,2.42E-03,3.28E-02,2.42E-03,3.22E+02,2.42E+00,3.22E+03,3.22E+08,3.22E-01,3.22E-07,7.47E-04,3.22E-01,1.29E-03,1.00E+00,1.06E+00,9.51E-05,3.22E-21,3.22E-16,3.22E+06,3.22E+11,3.22E-04,1.29E-03,1.00E+00,1.06E+00,9.51E-05,2.16E-01,3.22E-09,3.28E-06,3.28E-02,3.28E-08,3.22E-04,3.22E-04,3.28E-06,3.28E-02,3.28E-08,3.22E-04,3.22E-18,3.22E-13,3.36E-06,2.34E-08,3.00E-06,2.08E-08,3.28E-05,2.42E-03,3.22E+18,3.22E+23,3.22E-30,3.22E-25,3.22E+15,3.22E+20,3.22E-27,3.22E-22
pé de ar [15 ˚C],3.01E-06,3.11E-06,3.05E+12,3.05E+17,3.05E-06,3.05E+00,3.05E+00,3.05E-04,2.29E-04,3.11E-03,2.29E-04,3.05E+01,2.29E-01,3.11E-03,3.11E-02,1.23E-03,3.05E-07,3.05E-02,3.05E-05,3.05E+00,2.29E-02,3.05E+00,3.05E-24,3.05E-19,3.05E+09,3.05E+14,3.05E-15,3.05E-10,3.11E-03,3.05E-08,3.05E-03,6.37E-06,4.43E-08,6.37E-03,4.43E-05,3.05E-12,3.05E-07,3.05E-07,2.41E-02,2.54E-02,3.05E+00,3.11E+01,2.29E+00,3.05E+05,3.05E-03,2.29E-03,3.11E-02,2.29E-03,3.05E+02,2.29E+00,3.05E+03,3.05E+08,3.05E-01,3.05E-07,7.08E-04,3.05E-01,1.23E-03,9.48E-01,1.00E+00,9.01E-05,3.05E-21,3.05E-16,3.05E+06,3.05E+11,3.05E-04,1.23E-03,9.48E-01,1.00E+00,9.01E-05,2.05E-01,3.05E-09,3.11E-06,3.11E-02,3.11E-08,3.05E-04,3.05E-04,3.11E-06,3.11E-02,3.11E-08,3.05E-04,3.05E-18,3.05E-13,3.19E-06,2.21E-08,2.85E-06,1.98E-08,3.11E-05,2.29E-03,3.05E+18,3.05E+23,3.05E-30,3.05E-25,3.05E+15,3.05E+20,3.05E-27,3.05E-22
pé de mercúrio [0 ˚C],3.34E-02,3.45E-02,3.39E+16,3.39E+21,3.39E-02,3.39E+04,3.39E+04,3.39E+00,2.54E+00,3.45E+01,2.54E+00,3.39E+05,2.54E+03,3.45E+01,3.45E+02,1.36E+01,3.39E-03,3.39E+02,3.39E-01,3.39E+04,2.54E+02,3.39E+04,3.39E-20,3.39E-15,3.39E+13,3.39E+18,3.39E-11,3.39E-06,3.45E+01,3.39E-04,3.39E+01,7.07E-02,4.91E-04,7.07E+01,4.91E-01,3.39E-08,3.39E-03,3.39E-03,2.67E+02,2.82E+02,3.39E+04,3.45E+05,2.54E+04,3.39E+09,3.39E+01,2.54E+01,3.45E+02,2.54E+01,3.39E+06,2.54E+04,3.39E+07,3.39E+12,3.39E+03,3.39E-03,7.86E+00,3.39E+03,1.36E+01,1.05E+04,1.11E+04,1.00E+00,3.39E-17,3.39E-12,3.39E+10,3.39E+15,3.39E+00,1.36E+01,1.05E+04,1.11E+04,1.00E+00,2.28E+03,3.39E-05,3.45E-02,3.45E+02,3.45E-04,3.39E+00,3.39E+00,3.45E-02,3.45E+02,3.45E-04,3.39E+00,3.39E-14,3.39E-09,3.54E-02,2.46E-04,3.16E-02,2.19E-04,3.45E-01,2.54E+01,3.39E+22,3.39E+27,3.39E-26,3.39E-21,3.39E+19,3.39E+24,3.39E-23,3.39E-18
petabar,9.87E+14,1.02E+15,1.00E+33,1.00E+38,1.00E+15,1.00E+21,1.00E+21,1.00E+17,7.50E+16,1.02E+18,7.50E+16,1.00E+22,7.50E+19,1.02E+18,1.02E+19,4.01E+17,1.00E+14,1.00E+19,1.00E+16,1.00E+21,7.50E+18,1.00E+21,1.00E-03,1.00E+02,1.00E+30,1.00E+35,1.00E+06,1.00E+11,1.02E+18,1.00E+13,1.00E+18,2.09E+15,1.45E+13,2.09E+18,1.45E+16,1.00E+09,1.00E+14,1.00E+14,7.89E+18,8.32E+18,1.00E+21,1.02E+22,7.50E+20,1.00E+26,1.00E+18,7.50E+17,1.02E+19,7.50E+17,1.00E+23,7.50E+20,1.00E+24,1.00E+29,1.00E+20,1.00E+14,2.32E+17,1.00E+20,4.01E+17,3.11E+20,3.28E+20,2.95E+16,1.00E+00,1.00E+05,1.00E+27,1.00E+32,1.00E+17,4.01E+17,3.11E+20,3.28E+20,2.95E+16,6.72E+19,1.00E+12,1.02E+15,1.02E+19,1.02E+13,1.00E+17,1.00E+17,1.02E+15,1.02E+19,1.02E+13,1.00E+17,1.00E+03,1.00E+08,1.04E+15,7.25E+12,9.32E+14,6.47E+12,1.02E+16,7.50E+17,1.00E+39,1.00E+44,1.00E-09,1.00E-04,1.00E+36,1.00E+41,1.00E-06,1.00E-01
petapascal,9.87E+09,1.02E+10,1.00E+28,1.00E+33,1.00E+10,1.00E+16,1.00E+16,1.00E+12,7.50E+11,1.02E+13,7.50E+11,1.00E+17,7.50E+14,1.02E+13,1.02E+14,4.01E+12,1.00E+09,1.00E+14,1.00E+11,1.00E+16,7.50E+13,1.00E+16,1.00E-08,1.00E-03,1.00E+25,1.00E+30,1.00E+01,1.00E+06,1.02E+13,1.00E+08,1.00E+13,2.09E+10,1.45E+08,2.09E+13,1.45E+11,1.00E+04,1.00E+09,1.00E+09,7.89E+13,8.32E+13,1.00E+16,1.02E+17,7.50E+15,1.00E+21,1.00E+13,7.50E+12,1.02E+14,7.50E+12,1.00E+18,7.50E+15,1.00E+19,1.00E+24,1.00E+15,1.00E+09,2.32E+12,1.00E+15,4.01E+12,3.11E+15,3.28E+15,2.95E+11,1.00E-05,1.00E+00,1.00E+22,1.00E+27,1.00E+12,4.01E+12,3.11E+15,3.28E+15,2.95E+11,6.72E+14,1.00E+07,1.02E+10,1.02E+14,1.02E+08,1.00E+12,1.00E+12,1.02E+10,1.02E+14,1.02E+08,1.00E+12,1.00E-02,1.00E+03,1.04E+10,7.25E+07,9.32E+09,6.47E+07,1.02E+11,7.50E+12,1.00E+34,1.00E+39,1.00E-14,1.00E-09,1.00E+31,1.00E+36,1.00E-11,1.00E-06
picobar,9.87E-13,1.02E-12,1.00E+06,1.00E+11,1.00E-12,1.00E-06,1.00E-06,1.00E-10,7.50E-11,1.02E-09,7.50E-11,1.00E-05,7.50E-08,1.02E-09,1.02E-08,4.01E-10,1.00E-13,1.00E-08,1.00E-11,1.00E-06,7.50E-09,1.00E-06,1.00E-30,1.00E-25,1.00E+03,1.00E+08,1.00E-21,1.00E-16,1.02E-09,1.00E-14,1.00E-09,2.09E-12,1.45E-14,2.09E-09,1.45E-11,1.00E-18,1.00E-13,1.00E-13,7.89E-09,8.32E-09,1.00E-06,1.02E-05,7.50E-07,1.00E-01,1.00E-09,7.50E-10,1.02E-08,7.50E-10,1.00E-04,7.50E-07,1.00E-03,1.00E+02,1.00E-07,1.00E-13,2.32E-10,1.00E-07,4.01E-10,3.11E-07,3.28E-07,2.95E-11,1.00E-27,1.00E-22,1.00E+00,1.00E+05,1.00E-10,4.01E-10,3.11E-07,3.28E-07,2.95E-11,6.72E-08,1.00E-15,1.02E-12,1.02E-08,1.02E-14,1.00E-10,1.00E-10,1.02E-12,1.02E-08,1.02E-14,1.00E-10,1.00E-24,1.00E-19,1.04E-12,7.25E-15,9.32E-13,6.47E-15,1.02E-11,7.50E-10,1.00E+12,1.00E+17,1.00E-36,1.00E-31,1.00E+09,1.00E+14,1.00E-33,1.00E-28
picopascal,9.87E-18,1.02E-17,1.00E+01,1.00E+06,1.00E-17,1.00E-11,1.00E-11,1.00E-15,7.50E-16,1.02E-14,7.50E-16,1.00E-10,7.50E-13,1.02E-14,1.02E-13,4.01E-15,1.00E-18,1.00E-13,1.00E-16,1.00E-11,7.50E-14,1.00E-11,1.00E-35,1.00E-30,1.00E-02,1.00E+03,1.00E-26,1.00E-21,1.02E-14,1.00E-19,1.00E-14,2.09E-17,1.45E-19,2.09E-14,1.45E-16,1.00E-23,1.00E-18,1.00E-18,7.89E-14,8.32E-14,1.00E-11,1.02E-10,7.50E-12,1.00E-06,1.00E-14,7.50E-15,1.02E-13,7.50E-15,1.00E-09,7.50E-12,1.00E-08,1.00E-03,1.00E-12,1.00E-18,2.32E-15,1.00E-12,4.01E-15,3.11E-12,3.28E-12,2.95E-16,1.00E-32,1.00E-27,1.00E-05,1.00E+00,1.00E-15,4.01E-15,3.11E-12,3.28E-12,2.95E-16,6.72E-13,1.00E-20,1.02E-17,1.02E-13,1.02E-19,1.00E-15,1.00E-15,1.02E-17,1.02E-13,1.02E-19,1.00E-15,1.00E-29,1.00E-24,1.04E-17,7.25E-20,9.32E-18,6.47E-20,1.02E-16,7.50E-15,1.00E+07,1.00E+12,1.00E-41,1.00E-36,1.00E+04,1.00E+09,1.00E-38,1.00E-33
pieze,9.87E-03,1.02E-02,1.00E+16,1.00E+21,1.00E-02,1.00E+04,1.00E+04,1.00E+00,7.50E-01,1.02E+01,7.50E-01,1.00E+05,7.50E+02,1.02E+01,1.02E+02,4.01E+00,1.00E-03,1.00E+02,1.00E-01,1.00E+04,7.50E+01,1.00E+04,1.00E-20,1.00E-15,1.00E+13,1.00E+18,1.00E-11,1.00E-06,1.02E+01,1.00E-04,1.00E+01,2.09E-02,1.45E-04,2.09E+01,1.45E-01,1.00E-08,1.00E-03,1.00E-03,7.89E+01,8.32E+01,1.00E+04,1.02E+05,7.50E+03,1.00E+09,1.00E+01,7.50E+00,1.02E+02,7.50E+00,1.00E+06,7.50E+03,1.00E+07,1.00E+12,1.00E+03,1.00E-03,2.32E+00,1.00E+03,4.01E+00,3.11E+03,3.28E+03,2.95E-01,1.00E-17,1.00E-12,1.00E+10,1.00E+15,1.00E+00,4.01E+00,3.11E+03,3.28E+03,2.95E-01,6.72E+02,1.00E-05,1.02E-02,1.02E+02,1.02E-04,1.00E+00,1.00E+00,1.02E-02,1.02E+02,1.02E-04,1.00E+00,1.00E-14,1.00E-09,1.04E-02,7.25E-05,9.32E-03,6.47E-05,1.02E-01,7.50E+00,1.00E+22,1.00E+27,1.00E-26,1.00E-21,1.00E+19,1.00E+24,1.00E-23,1.00E-18
polegada de água [4 ˚C],2.46E-03,2.54E-03,2.49E+15,2.49E+20,2.49E-03,2.49E+03,2.49E+03,2.49E-01,1.87E-01,2.54E+00,1.87E-01,2.49E+04,1.87E+02,2.54E+00,2.54E+01,1.00E+00,2.49E-04,2.49E+01,2.49E-02,2.49E+03,1.87E+01,2.49E+03,2.49E-21,2.49E-16,2.49E+12,2.49E+17,2.49E-12,2.49E-07,2.54E+00,2.49E-05,2.49E+00,5.20E-03,3.61E-05,5.20E+00,3.61E-02,2.49E-09,2.49E-04,2.49E-04,1.96E+01,2.07E+01,2.49E+03,2.54E+04,1.87E+03,2.49E+08,2.49E+00,1.87E+00,2.54E+01,1.87E+00,2.49E+05,1.87E+03,2.49E+06,2.49E+11,2.49E+02,2.49E-04,5.78E-01,2.49E+02,1.00E+00,7.74E+02,8.16E+02,7.36E-02,2.49E-18,2.49E-13,2.49E+09,2.49E+14,2.49E-01,1.00E+00,7.74E+02,8.16E+02,7.36E-02,1.67E+02,2.49E-06,2.54E-03,2.54E+01,2.54E-05,2.49E-01,2.49E-01,2.54E-03,2.54E+01,2.54E-05,2.49E-01,2.49E-15,2.49E-10,2.60E-03,1.81E-05,2.32E-03,1.61E-05,2.54E-02,1.87E+00,2.49E+21,2.49E+26,2.49E-27,2.49E-22,2.49E+18,2.49E+23,2.49E-24,2.49E-19
polegada de ar [0 ˚C],3.18E-06,3.28E-06,3.22E+12,3.22E+17,3.22E-06,3.22E+00,3.22E+00,3.22E-04,2.42E-04,3.28E-03,2.42E-04,3.22E+01,2.42E-01,3.28E-03,3.28E-02,1.29E-03,3.22E-07,3.22E-02,3.22E-05,3.22E+00,2.42E-02,3.22E+00,3.22E-24,3.22E-19,3.22E+09,3.22E+14,3.22E-15,3.22E-10,3.28E-03,3.22E-08,3.22E-03,6.73E-06,4.67E-08,6.73E-03,4.67E-05,3.22E-12,3.22E-07,3.22E-07,2.54E-02,2.68E-02,3.22E+00,3.28E+01,2.42E+00,3.22E+05,3.22E-03,2.42E-03,3.28E-02,2.42E-03,3.22E+02,2.42E+00,3.22E+03,3.22E+08,3.22E-01,3.22E-07,7.47E-04,3.22E-01,1.29E-03,1.00E+00,1.06E+00,9.51E-05,3.22E-21,3.22E-16,3.22E+06,3.22E+11,3.22E-04,1.29E-03,1.00E+00,1.06E+00,9.51E-05,2.16E-01,3.22E-09,3.28E-06,3.28E-02,3.28E-08,3.22E-04,3.22E-04,3.28E-06,3.28E-02,3.28E-08,3.22E-04,3.22E-18,3.22E-13,3.36E-06,2.34E-08,3.00E-06,2.08E-08,3.28E-05,2.42E-03,3.22E+18,3.22E+23,3.22E-30,3.22E-25,3.22E+15,3.22E+20,3.22E-27,3.22E-22
polegada de ar [15 ˚C],3.01E-06,3.11E-06,3.05E+12,3.05E+17,3.05E-06,3.05E+00,3.05E+00,3.05E-04,2.29E-04,3.11E-03,2.29E-04,3.05E+01,2.29E-01,3.11E-03,3.11E-02,1.23E-03,3.05E-07,3.05E-02,3.05E-05,3.05E+00,2.29E-02,3.05E+00,3.05E-24,3.05E-19,3.05E+09,3.05E+14,3.05E-15,3.05E-10,3.11E-03,3.05E-08,3.05E-03,6.37E-06,4.43E-08,6.37E-03,4.43E-05,3.05E-12,3.05E-07,3.05E-07,2.41E-02,2.54E-02,3.05E+00,3.11E+01,2.29E+00,3.05E+05,3.05E-03,2.29E-03,3.11E-02,2.29E-03,3.05E+02,2.29E+00,3.05E+03,3.05E+08,3.05E-01,3.05E-07,7.08E-04,3.05E-01,1.23E-03,9.48E-01,1.00E+00,9.01E-05,3.05E-21,3.05E-16,3.05E+06,3.05E+11,3.05E-04,1.23E-03,9.48E-01,1.00E+00,9.01E-05,2.05E-01,3.05E-09,3.11E-06,3.11E-02,3.11E-08,3.05E-04,3.05E-04,3.11E-06,3.11E-02,3.11E-08,3.05E-04,3.05E-18,3.05E-13,3.19E-06,2.21E-08,2.85E-06,1.98E-08,3.11E-05,2.29E-03,3.05E+18,3.05E+23,3.05E-30,3.05E-25,3.05E+15,3.05E+20,3.05E-27,3.05E-22
polegada de mercúrio [0 ˚C],3.34E-02,3.45E-02,3.39E+16,3.39E+21,3.39E-02,3.39E+04,3.39E+04,3.39E+00,2.54E+00,3.45E+01,2.54E+00,3.39E+05,2.54E+03,3.45E+01,3.45E+02,1.36E+01,3.39E-03,3.39E+02,3.39E-01,3.39E+04,2.54E+02,3.39E+04,3.39E-20,3.39E-15,3.39E+13,3.39E+18,3.39E-11,3.39E-06,3.45E+01,3.39E-04,3.39E+01,7.07E-02,4.91E-04,7.07E+01,4.91E-01,3.39E-08,3.39E-03,3.39E-03,2.67E+02,2.82E+02,3.39E+04,3.45E+05,2.54E+04,3.39E+09,3.39E+01,2.54E+01,3.45E+02,2.54E+01,3.39E+06,2.54E+04,3.39E+07,3.39E+12,3.39E+03,3.39E-03,7.86E+00,3.39E+03,1.36E+01,1.05E+04,1.11E+04,1.00E+00,3.39E-17,3.39E-12,3.39E+10,3.39E+15,3.39E+00,1.36E+01,1.05E+04,1.11E+04,1.00E+00,2.28E+03,3.39E-05,3.45E-02,3.45E+02,3.45E-04,3.39E+00,3.39E+00,3.45E-02,3.45E+02,3.45E-04,3.39E+00,3.39E-14,3.39E-09,3.54E-02,2.46E-04,3.16E-02,2.19E-04,3.45E-01,2.54E+01,3.39E+22,3.39E+27,3.39E-26,3.39E-21,3.39E+19,3.39E+24,3.39E-23,3.39E-18
poundal/pé ao quadrado,1.47E-05,1.52E-05,1.49E+13,1.49E+18,1.49E-05,1.49E+01,1.49E+01,1.49E-03,1.12E-03,1.52E-02,1.12E-03,1.49E+02,1.12E+00,1.52E-02,1.52E-01,5.97E-03,1.49E-06,1.49E-01,1.49E-04,1.49E+01,1.12E-01,1.49E+01,1.49E-23,1.49E-18,1.49E+10,1.49E+15,1.49E-14,1.49E-09,1.52E-02,1.49E-07,1.49E-02,3.11E-05,2.16E-07,3.11E-02,2.16E-04,1.49E-11,1.49E-06,1.49E-06,1.17E-01,1.24E-01,1.49E+01,1.52E+02,1.12E+01,1.49E+06,1.49E-02,1.12E-02,1.52E-01,1.12E-02,1.49E+03,1.12E+01,1.49E+04,1.49E+09,1.49E+00,1.49E-06,3.45E-03,1.49E+00,5.97E-03,4.62E+00,4.88E+00,4.39E-04,1.49E-20,1.49E-15,1.49E+07,1.49E+12,1.49E-03,5.97E-03,4.62E+00,4.88E+00,4.39E-04,1.00E+00,1.49E-08,1.52E-05,1.52E-01,1.52E-07,1.49E-03,1.49E-03,1.52E-05,1.52E-01,1.52E-07,1.49E-03,1.49E-17,1.49E-12,1.55E-05,1.08E-07,1.39E-05,9.64E-08,1.52E-04,1.12E-02,1.49E+19,1.49E+24,1.49E-29,1.49E-24,1.49E+16,1.49E+21,1.49E-26,1.49E-21
quilobar,9.87E+02,1.02E+03,1.00E+21,1.00E+26,1.00E+03,1.00E+09,1.00E+09,1.00E+05,7.50E+04,1.02E+06,7.50E+04,1.00E+10,7.50E+07,1.02E+06,1.02E+07,4.01E+05,1.00E+02,1.00E+07,1.00E+04,1.00E+09,7.50E+06,1.00E+09,1.00E-15,1.00E-10,1.00E+18,1.00E+23,1.00E-06,1.00E-01,1.02E+06,1.00E+01,1.00E+06,2.09E+03,1.45E+01,2.09E+06,1.45E+04,1.00E-03,1.00E+02,1.00E+02,7.89E+06,8.32E+06,1.00E+09,1.02E+10,7.50E+08,1.00E+14,1.00E+06,7.50E+05,1.02E+07,7.50E+05,1.00E+11,7.50E+08,1.00E+12,1.00E+17,1.00E+08,1.00E+02,2.32E+05,1.00E+08,4.01E+05,3.11E+08,3.28E+08,2.95E+04,1.00E-12,1.00E-07,1.00E+15,1.00E+20,1.00E+05,4.01E+05,3.11E+08,3.28E+08,2.95E+04,6.72E+07,1.00E+00,1.02E+03,1.02E+07,1.02E+01,1.00E+05,1.00E+05,1.02E+03,1.02E+07,1.02E+01,1.00E+05,1.00E-09,1.00E-04,1.04E+03,7.25E+00,9.32E+02,6.47E+00,1.02E+04,7.50E+05,1.00E+27,1.00E+32,1.00E-21,1.00E-16,1.00E+24,1.00E+29,1.00E-18,1.00E-13
quilograma-força/centímetro ao quadrado,9.68E-01,1.00E+00,9.81E+17,9.81E+22,9.81E-01,9.81E+05,9.80E+05,9.81E+01,7.36E+01,1.00E+03,7.36E+01,9.81E+06,7.36E+04,1.00E+03,1.00E+04,3.94E+02,9.81E-02,9.81E+03,9.81E+00,9.81E+05,7.36E+03,9.81E+05,9.81E-19,9.81E-14,9.81E+14,9.81E+19,9.81E-10,9.81E-05,1.00E+03,9.81E-03,9.81E+02,2.05E+00,1.42E-02,2.05E+03,1.42E+01,9.81E-07,9.81E-02,9.81E-02,7.74E+03,8.16E+03,9.81E+05,1.00E+07,7.36E+05,9.81E+10,9.81E+02,7.36E+02,1.00E+04,7.36E+02,9.81E+07,7.36E+05,9.81E+08,9.81E+13,9.81E+04,9.81E-02,2.28E+02,9.81E+04,3.94E+02,3.05E+05,3.21E+05,2.90E+01,9.81E-16,9.81E-11,9.81E+11,9.81E+16,9.81E+01,3.94E+02,3.05E+05,3.21E+05,2.90E+01,6.59E+04,9.81E-04,1.00E+00,1.00E+04,1.00E-02,9.81E+01,9.81E+01,1.00E+00,1.00E+04,1.00E-02,9.81E+01,9.81E-13,9.81E-08,1.02E+00,7.11E-03,9.14E-01,6.35E-03,1.00E+01,7.36E+02,9.81E+23,9.81E+28,9.81E-25,9.81E-20,9.81E+20,9.81E+25,9.81E-22,9.81E-17
quilograma-força/metro ao quadrado,9.68E-05,1.00E-04,9.81E+13,9.81E+18,9.81E-05,9.81E+01,9.80E+01,9.81E-03,7.36E-03,1.00E-01,7.36E-03,9.81E+02,7.36E+00,1.00E-01,1.00E+00,3.94E-02,9.81E-06,9.81E-01,9.81E-04,9.81E+01,7.36E-01,9.81E+01,9.81E-23,9.81E-18,9.81E+10,9.81E+15,9.81E-14,9.81E-09,1.00E-01,9.81E-07,9.81E-02,2.05E-04,1.42E-06,2.05E-01,1.42E-03,9.81E-11,9.81E-06,9.81E-06,7.74E-01,8.16E-01,9.81E+01,1.00E+03,7.36E+01,9.81E+06,9.81E-02,7.36E-02,1.00E+00,7.36E-02,9.81E+03,7.36E+01,9.81E+04,9.81E+09,9.81E+00,9.81E-06,2.28E-02,9.81E+00,3.94E-02,3.05E+01,3.21E+01,2.90E-03,9.81E-20,9.81E-15,9.81E+07,9.81E+12,9.81E-03,3.94E-02,3.05E+01,3.21E+01,2.90E-03,6.59E+00,9.81E-08,1.00E-04,1.00E+00,1.00E-06,9.81E-03,9.81E-03,1.00E-04,1.00E+00,1.00E-06,9.81E-03,9.81E-17,9.81E-12,1.02E-04,7.11E-07,9.14E-05,6.35E-07,1.00E-03,7.36E-02,9.81E+19,9.81E+24,9.81E-29,9.81E-24,9.81E+16,9.81E+21,9.81E-26,9.81E-21
quilograma-força/milímetro ao quadrado,9.68E+01,1.00E+02,9.81E+19,9.81E+24,9.81E+01,9.81E+07,9.80E+07,9.81E+03,7.36E+03,1.00E+05,7.36E+03,9.81E+08,7.36E+06,1.00E+05,1.00E+06,3.94E+04,9.81E+00,9.81E+05,9.81E+02,9.81E+07,7.36E+05,9.81E+07,9.81E-17,9.81E-12,9.81E+16,9.81E+21,9.81E-08,9.81E-03,1.00E+05,9.81E-01,9.81E+04,2.05E+02,1.42E+00,2.05E+05,1.42E+03,9.81E-05,9.81E+00,9.81E+00,7.74E+05,8.16E+05,9.81E+07,1.00E+09,7.36E+07,9.81E+12,9.81E+04,7.36E+04,1.00E+06,7.36E+04,9.81E+09,7.36E+07,9.81E+10,9.81E+15,9.81E+06,9.81E+00,2.28E+04,9.81E+06,3.94E+04,3.05E+07,3.21E+07,2.90E+03,9.81E-14,9.81E-09,9.81E+13,9.81E+18,9.81E+03,3.94E+04,3.05E+07,3.21E+07,2.90E+03,6.59E+06,9.81E-02,1.00E+02,1.00E+06,1.00E+00,9.81E+03,9.81E+03,1.00E+02,1.00E+06,1.00E+00,9.81E+03,9.81E-11,9.81E-06,1.02E+02,7.11E-01,9.14E+01,6.35E-01,1.00E+03,7.36E+04,9.81E+25,9.81E+30,9.81E-23,9.81E-18,9.81E+22,9.81E+27,9.81E-20,9.81E-15
quilonewton/metro ao quadrado,9.87E-03,1.02E-02,1.00E+16,1.00E+21,1.00E-02,1.00E+04,1.00E+04,1.00E+00,7.50E-01,1.02E+01,7.50E-01,1.00E+05,7.50E+02,1.02E+01,1.02E+02,4.01E+00,1.00E-03,1.00E+02,1.00E-01,1.00E+04,7.50E+01,1.00E+04,1.00E-20,1.00E-15,1.00E+13,1.00E+18,1.00E-11,1.00E-06,1.02E+01,1.00E-04,1.00E+01,2.09E-02,1.45E-04,2.09E+01,1.45E-01,1.00E-08,1.00E-03,1.00E-03,7.89E+01,8.32E+01,1.00E+04,1.02E+05,7.50E+03,1.00E+09,1.00E+01,7.50E+00,1.02E+02,7.50E+00,1.00E+06,7.50E+03,1.00E+07,1.00E+12,1.00E+03,1.00E-03,2.32E+00,1.00E+03,4.01E+00,3.11E+03,3.28E+03,2.95E-01,1.00E-17,1.00E-12,1.00E+10,1.00E+15,1.00E+00,4.01E+00,3.11E+03,3.28E+03,2.95E-01,6.72E+02,1.00E-05,1.02E-02,1.02E+02,1.02E-04,1.00E+00,1.00E+00,1.02E-02,1.02E+02,1.02E-04,1.00E+00,1.00E-14,1.00E-09,1.04E-02,7.25E-05,9.32E-03,6.47E-05,1.02E-01,7.50E+00,1.00E+22,1.00E+27,1.00E-26,1.00E-21,1.00E+19,1.00E+24,1.00E-23,1.00E-18
quilopascal,9.87E-03,1.02E-02,1.00E+16,1.00E+21,1.00E-02,1.00E+04,1.00E+04,1.00E+00,7.50E-01,1.02E+01,7.50E-01,1.00E+05,7.50E+02,1.02E+01,1.02E+02,4.01E+00,1.00E-03,1.00E+02,1.00E-01,1.00E+04,7.50E+01,1.00E+04,1.00E-20,1.00E-15,1.00E+13,1.00E+18,1.00E-11,1.00E-06,1.02E+01,1.00E-04,1.00E+01,2.09E-02,1.45E-04,2.09E+01,1.45E-01,1.00E-08,1.00E-03,1.00E-03,7.89E+01,8.32E+01,1.00E+04,1.02E+05,7.50E+03,1.00E+09,1.00E+01,7.50E+00,1.02E+02,7.50E+00,1.00E+06,7.50E+03,1.00E+07,1.00E+12,1.00E+03,1.00E-03,2.32E+00,1.00E+03,4.01E+00,3.11E+03,3.28E+03,2.95E-01,1.00E-17,1.00E-12,1.00E+10,1.00E+15,1.00E+00,4.01E+00,3.11E+03,3.28E+03,2.95E-01,6.72E+02,1.00E-05,1.02E-02,1.02E+02,1.02E-04,1.00E+00,1.00E+00,1.02E-02,1.02E+02,1.02E-04,1.00E+00,1.00E-14,1.00E-09,1.04E-02,7.25E-05,9.32E-03,6.47E-05,1.02E-01,7.50E+00,1.00E+22,1.00E+27,1.00E-26,1.00E-21,1.00E+19,1.00E+24,1.00E-23,1.00E-18
quilopond/centímetro ao quadrado,9.68E-01,1.00E+00,9.81E+17,9.81E+22,9.81E-01,9.81E+05,9.80E+05,9.81E+01,7.36E+01,1.00E+03,7.36E+01,9.81E+06,7.36E+04,1.00E+03,1.00E+04,3.94E+02,9.81E-02,9.81E+03,9.81E+00,9.81E+05,7.36E+03,9.81E+05,9.81E-19,9.81E-14,9.81E+14,9.81E+19,9.81E-10,9.81E-05,1.00E+03,9.81E-03,9.81E+02,2.05E+00,1.42E-02,2.05E+03,1.42E+01,9.81E-07,9.81E-02,9.81E-02,7.74E+03,8.16E+03,9.81E+05,1.00E+07,7.36E+05,9.81E+10,9.81E+02,7.36E+02,1.00E+04,7.36E+02,9.81E+07,7.36E+05,9.81E+08,9.81E+13,9.81E+04,9.81E-02,2.28E+02,9.81E+04,3.94E+02,3.05E+05,3.21E+05,2.90E+01,9.81E-16,9.81E-11,9.81E+11,9.81E+16,9.81E+01,3.94E+02,3.05E+05,3.21E+05,2.90E+01,6.59E+04,9.81E-04,1.00E+00,1.00E+04,1.00E-02,9.81E+01,9.81E+01,1.00E+00,1.00E+04,1.00E-02,9.81E+01,9.81E-13,9.81E-08,1.02E+00,7.11E-03,9.14E-01,6.35E-03,1.00E+01,7.36E+02,9.81E+23,9.81E+28,9.81E-25,9.81E-20,9.81E+20,9.81E+25,9.81E-22,9.81E-17
quilopond/metro ao quadrado,9.68E-05,1.00E-04,9.81E+13,9.81E+18,9.81E-05,9.81E+01,9.80E+01,9.81E-03,7.36E-03,1.00E-01,7.36E-03,9.81E+02,7.36E+00,1.00E-01,1.00E+00,3.94E-02,9.81E-06,9.81E-01,9.81E-04,9.81E+01,7.36E-01,9.81E+01,9.81E-23,9.81E-18,9.81E+10,9.81E+15,9.81E-14,9.81E-09,1.00E-01,9.81E-07,9.81E-02,2.05E-04,1.42E-06,2.05E-01,1.42E-03,9.81E-11,9.81E-06,9.81E-06,7.74E-01,8.16E-01,9.81E+01,1.00E+03,7.36E+01,9.81E+06,9.81E-02,7.36E-02,1.00E+00,7.36E-02,9.81E+03,7.36E+01,9.81E+04,9.81E+09,9.81E+00,9.81E-06,2.28E-02,9.81E+00,3.94E-02,3.05E+01,3.21E+01,2.90E-03,9.81E-20,9.81E-15,9.81E+07,9.81E+12,9.81E-03,3.94E-02,3.05E+01,3.21E+01,2.90E-03,6.59E+00,9.81E-08,1.00E-04,1.00E+00,1.00E-06,9.81E-03,9.81E-03,1.00E-04,1.00E+00,1.00E-06,9.81E-03,9.81E-17,9.81E-12,1.02E-04,7.11E-07,9.14E-05,6.35E-07,1.00E-03,7.36E-02,9.81E+19,9.81E+24,9.81E-29,9.81E-24,9.81E+16,9.81E+21,9.81E-26,9.81E-21
quilopond/milímetro ao quadrado,9.68E+01,1.00E+02,9.81E+19,9.81E+24,9.81E+01,9.81E+07,9.80E+07,9.81E+03,7.36E+03,1.00E+05,7.36E+03,9.81E+08,7.36E+06,1.00E+05,1.00E+06,3.94E+04,9.81E+00,9.81E+05,9.81E+02,9.81E+07,7.36E+05,9.81E+07,9.81E-17,9.81E-12,9.81E+16,9.81E+21,9.81E-08,9.81E-03,1.00E+05,9.81E-01,9.81E+04,2.05E+02,1.42E+00,2.05E+05,1.42E+03,9.81E-05,9.81E+00,9.81E+00,7.74E+05,8.16E+05,9.81E+07,1.00E+09,7.36E+07,9.81E+12,9.81E+04,7.36E+04,1.00E+06,7.36E+04,9.81E+09,7.36E+07,9.81E+10,9.81E+15,9.81E+06,9.81E+00,2.28E+04,9.81E+06,3.94E+04,3.05E+07,3.21E+07,2.90E+03,9.81E-14,9.81E-09,9.81E+13,9.81E+18,9.81E+03,3.94E+04,3.05E+07,3.21E+07,2.90E+03,6.59E+06,9.81E-02,1.00E+02,1.00E+06,1.00E+00,9.81E+03,9.81E+03,1.00E+02,1.00E+06,1.00E+00,9.81E+03,9.81E-11,9.81E-06,1.02E+02,7.11E-01,9.14E+01,6.35E-01,1.00E+03,7.36E+04,9.81E+25,9.81E+30,9.81E-23,9.81E-18,9.81E+22,9.81E+27,9.81E-20,9.81E-15
sthene/metro ao quadrado,9.87E-03,1.02E-02,1.00E+16,1.00E+21,1.00E-02,1.00E+04,1.00E+04,1.00E+00,7.50E-01,1.02E+01,7.50E-01,1.00E+05,7.50E+02,1.02E+01,1.02E+02,4.01E+00,1.00E-03,1.00E+02,1.00E-01,1.00E+04,7.50E+01,1.00E+04,1.00E-20,1.00E-15,1.00E+13,1.00E+18,1.00E-11,1.00E-06,1.02E+01,1.00E-04,1.00E+01,2.09E-02,1.45E-04,2.09E+01,1.45E-01,1.00E-08,1.00E-03,1.00E-03,7.89E+01,8.32E+01,1.00E+04,1.02E+05,7.50E+03,1.00E+09,1.00E+01,7.50E+00,1.02E+02,7.50E+00,1.00E+06,7.50E+03,1.00E+07,1.00E+12,1.00E+03,1.00E-03,2.32E+00,1.00E+03,4.01E+00,3.11E+03,3.28E+03,2.95E-01,1.00E-17,1.00E-12,1.00E+10,1.00E+15,1.00E+00,4.01E+00,3.11E+03,3.28E+03,2.95E-01,6.72E+02,1.00E-05,1.02E-02,1.02E+02,1.02E-04,1.00E+00,1.00E+00,1.02E-02,1.02E+02,1.02E-04,1.00E+00,1.00E-14,1.00E-09,1.04E-02,7.25E-05,9.32E-03,6.47E-05,1.02E-01,7.50E+00,1.00E+22,1.00E+27,1.00E-26,1.00E-21,1.00E+19,1.00E+24,1.00E-23,1.00E-18
terabar,9.87E+11,1.02E+12,1.00E+30,1.00E+35,1.00E+12,1.00E+18,1.00E+18,1.00E+14,7.50E+13,1.02E+15,7.50E+13,1.00E+19,7.50E+16,1.02E+15,1.02E+16,4.01E+14,1.00E+11,1.00E+16,1.00E+13,1.00E+18,7.50E+15,1.00E+18,1.00E-06,1.00E-01,1.00E+27,1.00E+32,1.00E+03,1.00E+08,1.02E+15,1.00E+10,1.00E+15,2.09E+12,1.45E+10,2.09E+15,1.45E+13,1.00E+06,1.00E+11,1.00E+11,7.89E+15,8.32E+15,1.00E+18,1.02E+19,7.50E+17,1.00E+23,1.00E+15,7.50E+14,1.02E+16,7.50E+14,1.00E+20,7.50E+17,1.00E+21,1.00E+26,1.00E+17,1.00E+11,2.32E+14,1.00E+17,4.01E+14,3.11E+17,3.28E+17,2.95E+13,1.00E-03,1.00E+02,1.00E+24,1.00E+29,1.00E+14,4.01E+14,3.11E+17,3.28E+17,2.95E+13,6.72E+16,1.00E+09,1.02E+12,1.02E+16,1.02E+10,1.00E+14,1.00E+14,1.02E+12,1.02E+16,1.02E+10,1.00E+14,1.00E+00,1.00E+05,1.04E+12,7.25E+09,9.32E+11,6.47E+09,1.02E+13,7.50E+14,1.00E+36,1.00E+41,1.00E-12,1.00E-07,1.00E+33,1.00E+38,1.00E-09,1.00E-04
terapascal,9.87E+06,1.02E+07,1.00E+25,1.00E+30,1.00E+07,1.00E+13,1.00E+13,1.00E+09,7.50E+08,1.02E+10,7.50E+08,1.00E+14,7.50E+11,1.02E+10,1.02E+11,4.01E+09,1.00E+06,1.00E+11,1.00E+08,1.00E+13,7.50E+10,1.00E+13,1.00E-11,1.00E-06,1.00E+22,1.00E+27,1.00E-02,1.00E+03,1.02E+10,1.00E+05,1.00E+10,2.09E+07,1.45E+05,2.09E+10,1.45E+08,1.00E+01,1.00E+06,1.00E+06,7.89E+10,8.32E+10,1.00E+13,1.02E+14,7.50E+12,1.00E+18,1.00E+10,7.50E+09,1.02E+11,7.50E+09,1.00E+15,7.50E+12,1.00E+16,1.00E+21,1.00E+12,1.00E+06,2.32E+09,1.00E+12,4.01E+09,3.11E+12,3.28E+12,2.95E+08,1.00E-08,1.00E-03,1.00E+19,1.00E+24,1.00E+09,4.01E+09,3.11E+12,3.28E+12,2.95E+08,6.72E+11,1.00E+04,1.02E+07,1.02E+11,1.02E+05,1.00E+09,1.00E+09,1.02E+07,1.02E+11,1.02E+05,1.00E+09,1.00E-05,1.00E+00,1.04E+07,7.25E+04,9.32E+06,6.47E+04,1.02E+08,7.50E+09,1.00E+31,1.00E+36,1.00E-17,1.00E-12,1.00E+28,1.00E+33,1.00E-14,1.00E-09
tonelada curta/pé ao quadrado,9.45E-01,9.76E-01,9.58E+17,9.58E+22,9.58E-01,9.58E+05,9.57E+05,9.58E+01,7.18E+01,9.76E+02,7.18E+01,9.58E+06,7.18E+04,9.76E+02,9.76E+03,3.84E+02,9.58E-02,9.58E+03,9.58E+00,9.58E+05,7.18E+03,9.58E+05,9.58E-19,9.58E-14,9.58E+14,9.58E+19,9.58E-10,9.58E-05,9.76E+02,9.58E-03,9.58E+02,2.00E+00,1.39E-02,2.00E+03,1.39E+01,9.58E-07,9.58E-02,9.58E-02,7.55E+03,7.97E+03,9.58E+05,9.76E+06,7.18E+05,9.58E+10,9.58E+02,7.18E+02,9.76E+03,7.18E+02,9.58E+07,7.18E+05,9.58E+08,9.58E+13,9.58E+04,9.58E-02,2.22E+02,9.58E+04,3.84E+02,2.97E+05,3.14E+05,2.83E+01,9.58E-16,9.58E-11,9.58E+11,9.58E+16,9.58E+01,3.84E+02,2.97E+05,3.14E+05,2.83E+01,6.43E+04,9.58E-04,9.76E-01,9.76E+03,9.76E-03,9.58E+01,9.58E+01,9.76E-01,9.76E+03,9.76E-03,9.58E+01,9.58E-13,9.58E-08,1.00E+00,6.94E-03,8.93E-01,6.20E-03,9.76E+00,7.18E+02,9.58E+23,9.58E+28,9.58E-25,9.58E-20,9.58E+20,9.58E+25,9.58E-22,9.58E-17
tonelada curta/polegada ao quadrado,1.36E+02,1.41E+02,1.38E+20,1.38E+25,1.38E+02,1.38E+08,1.38E+08,1.38E+04,1.03E+04,1.41E+05,1.03E+04,1.38E+09,1.03E+07,1.41E+05,1.41E+06,5.54E+04,1.38E+01,1.38E+06,1.38E+03,1.38E+08,1.03E+06,1.38E+08,1.38E-16,1.38E-11,1.38E+17,1.38E+22,1.38E-07,1.38E-02,1.41E+05,1.38E+00,1.38E+05,2.88E+02,2.00E+00,2.88E+05,2.00E+03,1.38E-04,1.38E+01,1.38E+01,1.09E+06,1.15E+06,1.38E+08,1.41E+09,1.03E+08,1.38E+13,1.38E+05,1.03E+05,1.41E+06,1.03E+05,1.38E+10,1.03E+08,1.38E+11,1.38E+16,1.38E+07,1.38E+01,3.20E+04,1.38E+07,5.54E+04,4.28E+07,4.52E+07,4.07E+03,1.38E-13,1.38E-08,1.38E+14,1.38E+19,1.38E+04,5.54E+04,4.28E+07,4.52E+07,4.07E+03,9.27E+06,1.38E-01,1.41E+02,1.41E+06,1.41E+00,1.38E+04,1.38E+04,1.41E+02,1.41E+06,1.41E+00,1.38E+04,1.38E-10,1.38E-05,1.44E+02,1.00E+00,1.29E+02,8.93E-01,1.41E+03,1.03E+05,1.38E+26,1.38E+31,1.38E-22,1.38E-17,1.38E+23,1.38E+28,1.38E-19,1.38E-14
tonelada longa/pé ao quadrado,1.06E+00,1.09E+00,1.07E+18,1.07E+23,1.07E+00,1.07E+06,1.07E+06,1.07E+02,8.04E+01,1.09E+03,8.04E+01,1.07E+07,8.04E+04,1.09E+03,1.09E+04,4.31E+02,1.07E-01,1.07E+04,1.07E+01,1.07E+06,8.04E+03,1.07E+06,1.07E-18,1.07E-13,1.07E+15,1.07E+20,1.07E-09,1.07E-04,1.09E+03,1.07E-02,1.07E+03,2.24E+00,1.56E-02,2.24E+03,1.56E+01,1.07E-06,1.07E-01,1.07E-01,8.46E+03,8.93E+03,1.07E+06,1.09E+07,8.04E+05,1.07E+11,1.07E+03,8.04E+02,1.09E+04,8.04E+02,1.07E+08,8.04E+05,1.07E+09,1.07E+14,1.07E+05,1.07E-01,2.49E+02,1.07E+05,4.31E+02,3.33E+05,3.51E+05,3.17E+01,1.07E-15,1.07E-10,1.07E+12,1.07E+17,1.07E+02,4.31E+02,3.33E+05,3.51E+05,3.17E+01,7.21E+04,1.07E-03,1.09E+00,1.09E+04,1.09E-02,1.07E+02,1.07E+02,1.09E+00,1.09E+04,1.09E-02,1.07E+02,1.07E-12,1.07E-07,1.12E+00,7.78E-03,1.00E+00,6.94E-03,1.09E+01,8.04E+02,1.07E+24,1.07E+29,1.07E-24,1.07E-19,1.07E+21,1.07E+26,1.07E-21,1.07E-16
tonelada longa/polegada ao quadrado,1.52E+02,1.57E+02,1.54E+20,1.54E+25,1.54E+02,1.54E+08,1.54E+08,1.54E+04,1.16E+04,1.57E+05,1.16E+04,1.54E+09,1.16E+07,1.57E+05,1.57E+06,6.20E+04,1.54E+01,1.54E+06,1.54E+03,1.54E+08,1.16E+06,1.54E+08,1.54E-16,1.54E-11,1.54E+17,1.54E+22,1.54E-07,1.54E-02,1.57E+05,1.54E+00,1.54E+05,3.23E+02,2.24E+00,3.23E+05,2.24E+03,1.54E-04,1.54E+01,1.54E+01,1.22E+06,1.29E+06,1.54E+08,1.57E+09,1.16E+08,1.54E+13,1.54E+05,1.16E+05,1.57E+06,1.16E+05,1.54E+10,1.16E+08,1.54E+11,1.54E+16,1.54E+07,1.54E+01,3.58E+04,1.54E+07,6.20E+04,4.80E+07,5.06E+07,4.56E+03,1.54E-13,1.54E-08,1.54E+14,1.54E+19,1.54E+04,6.20E+04,4.80E+07,5.06E+07,4.56E+03,1.04E+07,1.54E-01,1.57E+02,1.57E+06,1.57E+00,1.54E+04,1.54E+04,1.57E+02,1.57E+06,1.57E+00,1.54E+04,1.54E-10,1.54E-05,1.61E+02,1.12E+00,1.44E+02,1.00E+00,1.57E+03,1.16E+05,1.54E+26,1.54E+31,1.54E-22,1.54E-17,1.54E+23,1.54E+28,1.54E-19,1.54E-14
tonelada/metro ao quadrado,9.68E-02,1.00E-01,9.81E+16,9.81E+21,9.81E-02,9.81E+04,9.80E+04,9.81E+00,7.36E+00,1.00E+02,7.36E+00,9.81E+05,7.36E+03,1.00E+02,1.00E+03,3.94E+01,9.81E-03,9.81E+02,9.81E-01,9.81E+04,7.36E+02,9.81E+04,9.81E-20,9.81E-15,9.81E+13,9.81E+18,9.81E-11,9.81E-06,1.00E+02,9.81E-04,9.81E+01,2.05E-01,1.42E-03,2.05E+02,1.42E+00,9.81E-08,9.81E-03,9.81E-03,7.74E+02,8.16E+02,9.81E+04,1.00E+06,7.36E+04,9.81E+09,9.81E+01,7.36E+01,1.00E+03,7.36E+01,9.81E+06,7.36E+04,9.81E+07,9.81E+12,9.81E+03,9.81E-03,2.28E+01,9.81E+03,3.94E+01,3.05E+04,3.21E+04,2.90E+00,9.81E-17,9.81E-12,9.81E+10,9.81E+15,9.81E+00,3.94E+01,3.05E+04,3.21E+04,2.90E+00,6.59E+03,9.81E-05,1.00E-01,1.00E+03,1.00E-03,9.81E+00,9.81E+00,1.00E-01,1.00E+03,1.00E-03,9.81E+00,9.81E-14,9.81E-09,1.02E-01,7.11E-04,9.14E-02,6.35E-04,1.00E+00,7.36E+01,9.81E+22,9.81E+27,9.81E-26,9.81E-21,9.81E+19,9.81E+24,9.81E-23,9.81E-18
torr,1.32E-03,1.36E-03,1.33E+15,1.33E+20,1.33E-03,1.33E+03,1.33E+03,1.33E-01,1.00E-01,1.36E+00,1.00E-01,1.33E+04,1.00E+02,1.36E+00,1.36E+01,5.35E-01,1.33E-04,1.33E+01,1.33E-02,1.33E+03,1.00E+01,1.33E+03,1.33E-21,1.33E-16,1.33E+12,1.33E+17,1.33E-12,1.33E-07,1.36E+00,1.33E-05,1.33E+00,2.78E-03,1.93E-05,2.78E+00,1.93E-02,1.33E-09,1.33E-04,1.33E-04,1.05E+01,1.11E+01,1.33E+03,1.36E+04,1.00E+03,1.33E+08,1.33E+00,1.00E+00,1.36E+01,1.00E+00,1.33E+05,1.00E+03,1.33E+06,1.33E+11,1.33E+02,1.33E-04,3.09E-01,1.33E+02,5.35E-01,4.14E+02,4.37E+02,3.94E-02,1.33E-18,1.33E-13,1.33E+09,1.33E+14,1.33E-01,5.35E-01,4.14E+02,4.37E+02,3.94E-02,8.96E+01,1.33E-06,1.36E-03,1.36E+01,1.36E-05,1.33E-01,1.33E-01,1.36E-03,1.36E+01,1.36E-05,1.33E-01,1.33E-15,1.33E-10,1.39E-03,9.67E-06,1.24E-03,8.63E-06,1.36E-02,1.00E+00,1.33E+21,1.33E+26,1.33E-27,1.33E-22,1.33E+18,1.33E+23,1.33E-24,1.33E-19
yoctobar,9.87E-25,1.02E-24,1.00E-06,1.00E-01,1.00E-24,1.00E-18,1.00E-18,1.00E-22,7.50E-23,1.02E-21,7.50E-23,1.00E-17,7.50E-20,1.02E-21,1.02E-20,4.01E-22,1.00E-25,1.00E-20,1.00E-23,1.00E-18,7.50E-21,1.00E-18,1.00E-42,1.00E-37,1.00E-09,1.00E-04,1.00E-33,1.00E-28,1.02E-21,1.00E-26,1.00E-21,2.09E-24,1.45E-26,2.09E-21,1.45E-23,1.00E-30,1.00E-25,1.00E-25,7.89E-21,8.32E-21,1.00E-18,1.02E-17,7.50E-19,1.00E-13,1.00E-21,7.50E-22,1.02E-20,7.50E-22,1.00E-16,7.50E-19,1.00E-15,1.00E-10,1.00E-19,1.00E-25,2.32E-22,1.00E-19,4.01E-22,3.11E-19,3.28E-19,2.95E-23,1.00E-39,1.00E-34,1.00E-12,1.00E-07,1.00E-22,4.01E-22,3.11E-19,3.28E-19,2.95E-23,6.72E-20,1.00E-27,1.02E-24,1.02E-20,1.02E-26,1.00E-22,1.00E-22,1.02E-24,1.02E-20,1.02E-26,1.00E-22,1.00E-36,1.00E-31,1.04E-24,7.25E-27,9.32E-25,6.47E-27,1.02E-23,7.50E-22,1.00E+00,1.00E+05,1.00E-48,1.00E-43,1.00E-03,1.00E+02,1.00E-45,1.00E-40
yoctopascal,9.87E-30,1.02E-29,1.00E-11,1.00E-06,1.00E-29,1.00E-23,1.00E-23,1.00E-27,7.50E-28,1.02E-26,7.50E-28,1.00E-22,7.50E-25,1.02E-26,1.02E-25,4.01E-27,1.00E-30,1.00E-25,1.00E-28,1.00E-23,7.50E-26,1.00E-23,1.00E-47,1.00E-42,1.00E-14,1.00E-09,1.00E-38,1.00E-33,1.02E-26,1.00E-31,1.00E-26,2.09E-29,1.45E-31,2.09E-26,1.45E-28,1.00E-35,1.00E-30,1.00E-30,7.89E-26,8.32E-26,1.00E-23,1.02E-22,7.50E-24,1.00E-18,1.00E-26,7.50E-27,1.02E-25,7.50E-27,1.00E-21,7.50E-24,1.00E-20,1.00E-15,1.00E-24,1.00E-30,2.32E-27,1.00E-24,4.01E-27,3.11E-24,3.28E-24,2.95E-28,1.00E-44,1.00E-39,1.00E-17,1.00E-12,1.00E-27,4.01E-27,3.11E-24,3.28E-24,2.95E-28,6.72E-25,1.00E-32,1.02E-29,1.02E-25,1.02E-31,1.00E-27,1.00E-27,1.02E-29,1.02E-25,1.02E-31,1.00E-27,1.00E-41,1.00E-36,1.04E-29,7.25E-32,9.32E-30,6.47E-32,1.02E-28,7.50E-27,1.00E-05,1.00E+00,1.00E-53,1.00E-48,1.00E-08,1.00E-03,1.00E-50,1.00E-45
yottabar,9.87E+23,1.02E+24,1.00E+42,1.00E+47,1.00E+24,1.00E+30,1.00E+30,1.00E+26,7.50E+25,1.02E+27,7.50E+25,1.00E+31,7.50E+28,1.02E+27,1.02E+28,4.01E+26,1.00E+23,1.00E+28,1.00E+25,1.00E+30,7.50E+27,1.00E+30,1.00E+06,1.00E+11,1.00E+39,1.00E+44,1.00E+15,1.00E+20,1.02E+27,1.00E+22,1.00E+27,2.09E+24,1.45E+22,2.09E+27,1.45E+25,1.00E+18,1.00E+23,1.00E+23,7.89E+27,8.32E+27,1.00E+30,1.02E+31,7.50E+29,1.00E+35,1.00E+27,7.50E+26,1.02E+28,7.50E+26,1.00E+32,7.50E+29,1.00E+33,1.00E+38,1.00E+29,1.00E+23,2.32E+26,1.00E+29,4.01E+26,3.11E+29,3.28E+29,2.95E+25,1.00E+09,1.00E+14,1.00E+36,1.00E+41,1.00E+26,4.01E+26,3.11E+29,3.28E+29,2.95E+25,6.72E+28,1.00E+21,1.02E+24,1.02E+28,1.02E+22,1.00E+26,1.00E+26,1.02E+24,1.02E+28,1.02E+22,1.00E+26,1.00E+12,1.00E+17,1.04E+24,7.25E+21,9.32E+23,6.47E+21,1.02E+25,7.50E+26,1.00E+48,1.00E+53,1.00E+00,1.00E+05,1.00E+45,1.00E+50,1.00E+03,1.00E+08
yottapascal,9.87E+18,1.02E+19,1.00E+37,1.00E+42,1.00E+19,1.00E+25,1.00E+25,1.00E+21,7.50E+20,1.02E+22,7.50E+20,1.00E+26,7.50E+23,1.02E+22,1.02E+23,4.01E+21,1.00E+18,1.00E+23,1.00E+20,1.00E+25,7.50E+22,1.00E+25,1.00E+01,1.00E+06,1.00E+34,1.00E+39,1.00E+10,1.00E+15,1.02E+22,1.00E+17,1.00E+22,2.09E+19,1.45E+17,2.09E+22,1.45E+20,1.00E+13,1.00E+18,1.00E+18,7.89E+22,8.32E+22,1.00E+25,1.02E+26,7.50E+24,1.00E+30,1.00E+22,7.50E+21,1.02E+23,7.50E+21,1.00E+27,7.50E+24,1.00E+28,1.00E+33,1.00E+24,1.00E+18,2.32E+21,1.00E+24,4.01E+21,3.11E+24,3.28E+24,2.95E+20,1.00E+04,1.00E+09,1.00E+31,1.00E+36,1.00E+21,4.01E+21,3.11E+24,3.28E+24,2.95E+20,6.72E+23,1.00E+16,1.02E+19,1.02E+23,1.02E+17,1.00E+21,1.00E+21,1.02E+19,1.02E+23,1.02E+17,1.00E+21,1.00E+07,1.00E+12,1.04E+19,7.25E+16,9.32E+18,6.47E+16,1.02E+20,7.50E+21,1.00E+43,1.00E+48,1.00E-05,1.00E+00,1.00E+40,1.00E+45,1.00E-02,1.00E+03
zeptobar,9.87E-22,1.02E-21,1.00E-03,1.00E+02,1.00E-21,1.00E-15,1.00E-15,1.00E-19,7.50E-20,1.02E-18,7.50E-20,1.00E-14,7.50E-17,1.02E-18,1.02E-17,4.01E-19,1.00E-22,1.00E-17,1.00E-20,1.00E-15,7.50E-18,1.00E-15,1.00E-39,1.00E-34,1.00E-06,1.00E-01,1.00E-30,1.00E-25,1.02E-18,1.00E-23,1.00E-18,2.09E-21,1.45E-23,2.09E-18,1.45E-20,1.00E-27,1.00E-22,1.00E-22,7.89E-18,8.32E-18,1.00E-15,1.02E-14,7.50E-16,1.00E-10,1.00E-18,7.50E-19,1.02E-17,7.50E-19,1.00E-13,7.50E-16,1.00E-12,1.00E-07,1.00E-16,1.00E-22,2.32E-19,1.00E-16,4.01E-19,3.11E-16,3.28E-16,2.95E-20,1.00E-36,1.00E-31,1.00E-09,1.00E-04,1.00E-19,4.01E-19,3.11E-16,3.28E-16,2.95E-20,6.72E-17,1.00E-24,1.02E-21,1.02E-17,1.02E-23,1.00E-19,1.00E-19,1.02E-21,1.02E-17,1.02E-23,1.00E-19,1.00E-33,1.00E-28,1.04E-21,7.25E-24,9.32E-22,6.47E-24,1.02E-20,7.50E-19,1.00E+03,1.00E+08,1.00E-45,1.00E-40,1.00E+00,1.00E+05,1.00E-42,1.00E-37
zeptopascal,9.87E-27,1.02E-26,1.00E-08,1.00E-03,1.00E-26,1.00E-20,1.00E-20,1.00E-24,7.50E-25,1.02E-23,7.50E-25,1.00E-19,7.50E-22,1.02E-23,1.02E-22,4.01E-24,1.00E-27,1.00E-22,1.00E-25,1.00E-20,7.50E-23,1.00E-20,1.00E-44,1.00E-39,1.00E-11,1.00E-06,1.00E-35,1.00E-30,1.02E-23,1.00E-28,1.00E-23,2.09E-26,1.45E-28,2.09E-23,1.45E-25,1.00E-32,1.00E-27,1.00E-27,7.89E-23,8.32E-23,1.00E-20,1.02E-19,7.50E-21,1.00E-15,1.00E-23,7.50E-24,1.02E-22,7.50E-24,1.00E-18,7.50E-21,1.00E-17,1.00E-12,1.00E-21,1.00E-27,2.32E-24,1.00E-21,4.01E-24,3.11E-21,3.28E-21,2.95E-25,1.00E-41,1.00E-36,1.00E-14,1.00E-09,1.00E-24,4.01E-24,3.11E-21,3.28E-21,2.95E-25,6.72E-22,1.00E-29,1.02E-26,1.02E-22,1.02E-28,1.00E-24,1.00E-24,1.02E-26,1.02E-22,1.02E-28,1.00E-24,1.00E-38,1.00E-33,1.04E-26,7.25E-29,9.32E-27,6.47E-29,1.02E-25,7.50E-24,1.00E-02,1.00E+03,1.00E-50,1.00E-45,1.00E-05,1.00E+00,1.00E-47,1.00E-42
zettabar,9.87E+20,1.02E+21,1.00E+39,1.00E+44,1.00E+21,1.00E+27,1.00E+27,1.00E+23,7.50E+22,1.02E+24,7.50E+22,1.00E+28,7.50E+25,1.02E+24,1.02E+25,4.01E+23,1.00E+20,1.00E+25,1.00E+22,1.00E+27,7.50E+24,1.00E+27,1.00E+03,1.00E+08,1.00E+36,1.00E+41,1.00E+12,1.00E+17,1.02E+24,1.00E+19,1.00E+24,2.09E+21,1.45E+19,2.09E+24,1.45E+22,1.00E+15,1.00E+20,1.00E+20,7.89E+24,8.32E+24,1.00E+27,1.02E+28,7.50E+26,1.00E+32,1.00E+24,7.50E+23,1.02E+25,7.50E+23,1.00E+29,7.50E+26,1.00E+30,1.00E+35,1.00E+26,1.00E+20,2.32E+23,1.00E+26,4.01E+23,3.11E+26,3.28E+26,2.95E+22,1.00E+06,1.00E+11,1.00E+33,1.00E+38,1.00E+23,4.01E+23,3.11E+26,3.28E+26,2.95E+22,6.72E+25,1.00E+18,1.02E+21,1.02E+25,1.02E+19,1.00E+23,1.00E+23,1.02E+21,1.02E+25,1.02E+19,1.00E+23,1.00E+09,1.00E+14,1.04E+21,7.25E+18,9.32E+20,6.47E+18,1.02E+22,7.50E+23,1.00E+45,1.00E+50,1.00E-03,1.00E+02,1.00E+42,1.00E+47,1.00E+00,1.00E+05
zettapascal,9.87E+15,1.02E+16,1.00E+34,1.00E+39,1.00E+16,1.00E+22,1.00E+22,1.00E+18,7.50E+17,1.02E+19,7.50E+17,1.00E+23,7.50E+20,1.02E+19,1.02E+20,4.01E+18,1.00E+15,1.00E+20,1.00E+17,1.00E+22,7.50E+19,1.00E+22,1.00E-02,1.00E+03,1.00E+31,1.00E+36,1.00E+07,1.00E+12,1.02E+19,1.00E+14,1.00E+19,2.09E+16,1.45E+14,2.09E+19,1.45E+17,1.00E+10,1.00E+15,1.00E+15,7.89E+19,8.32E+19,1.00E+22,1.02E+23,7.50E+21,1.00E+27,1.00E+19,7.50E+18,1.02E+20,7.50E+18,1.00E+24,7.50E+21,1.00E+25,1.00E+30,1.00E+21,1.00E+15,2.32E+18,1.00E+21,4.01E+18,3.11E+21,3.28E+21,2.95E+17,1.00E+01,1.00E+06,1.00E+28,1.00E+33,1.00E+18,4.01E+18,3.11E+21,3.28E+21,2.95E+17,6.72E+20,1.00E+13,1.02E+16,1.02E+20,1.02E+14,1.00E+18,1.00E+18,1.02E+16,1.02E+20,1.02E+14,1.00E+18,1.00E+04,1.00E+09,1.04E+16,7.25E+13,9.32E+15,6.47E+13,1.02E+17,7.50E+18,1.00E+40,1.00E+45,1.00E-08,1.00E-03,1.00E+37,1.00E+42,1.00E-05,1.00E+00
